ResourceType,Count,Percentage
Observation,21949,40.47%
Procedure,5483,10.11%
Claim,5058,9.33%
ExplanationOfBenefit,5058,9.33%
DiagnosticReport,4530,8.35%
MedicationRequest,2933,5.41%
Encounter,2125,3.92%
DocumentReference,2125,3.92%
SupplyDelivery,1435,2.65%
Condition,1152,2.12%
Medication,761,1.40%
MedicationAdministration,761,1.40%
Immunization,331,0.61%
Device,222,0.41%
ImagingStudy,112,0.21%
CareTeam,70,0.13%
CarePlan,70,0.13%
Patient,24,0.04%
Provenance,24,0.04%
AllergyIntolerance,13,0.02%
