Filename,SHA256,SizeBytes
Abel832_Runolfsdottir785_97b52b8f-9fe2-b936-e11d-f2dfdd966f05.json,af7e2cab4a8c225711e6a9b9159cc882a6c82b32e00f8b7d97f643fc15e56490,3257996
Adan632_Hettinger594_3aeae8b2-3fe0-c770-23b3-a76cab6d0e74.json,369f50a2129f730a769f69be77a37959d44822e2f14340aa22e9c3ccf71402a2,1105892
Adina377_Bechtelar572_3f078dbb-b6c1-0f42-5a6a-b1532f98126a.json,597178f2438b977fcc961bdad0136fd3cdfdc9752cc2cc1ef7725a3868270105,2051112
Ahmad985_Borer986_1d9e8be8-21f8-15fb-8804-e91d73e47b9f.json,1182f28b243f808e3c42563f7badbc9b0501a62dd6f659763c5cb1de2b0fad56,3457985
Albert312_O'Keefe54_480948a0-6a3d-03b6-afaa-c8d24c17e0b9.json,8b93caaf60bc6feee54fb1df1536254e1a8a6cc8626fadd1e4838c24371e0275,2355844
Alejandro916_Beltrán716_3b956e4e-bd34-0ecc-b0ff-fa9bf7cffea2.json,58ab7f64eaadf429c14e4f2bc8a7c43f0a12921e077781fd2744dc26767729a4,1086882
Alexa171_Bernier607_9d81ff33-1447-ea8b-681f-fb07455c716b.json,c80dc526099196de3c2049f6c9ea659401086fa29b30b90cf07d7568abc05f1b,2514330
Alison204_Dooley940_d05067f0-964d-cc00-967a-329ca9ba830c.json,0757791359cccd8b79224aa3315e03c0d5afb3e867db5ab872acb20a2645dc54,23245480
Alphonse92_Walker122_999be85b-4cce-8605-1a31-d3ab89a1478b.json,ca2b3616c721dd96a1156d31e4e4b14c28fc4db909f0c1edb17c057d4760c318,5645559
Alton320_Hauck852_a397aa78-b663-2abf-3f99-3a0b020021c3.json,87263aa04e5d46753b914cdb9639b1ba26df292c9967e03feae992df96bd08b2,1354538
Alton320_Zieme486_1a45078d-8b5a-4363-58bf-924eb2238303.json,78f4eb0849e3b72aa8430bd835cb4d2f2789bf36a6c1f87f8bdb4688f8d72c8f,1028280
Amanda238_Renae431_Leannon79_9a2ee52f-df23-62c4-9502-87ebf5b87b5c.json,46ce2882bb3a88b920ed77cba9a54ee454fc203855855025a4b4bc9c6802745d,3857756
Ambrose149_Bartell116_587b3fa1-9015-f70b-ccf3-fc68d5df2402.json,6d957f9f890e01650f27c7cb158d8655d90551a1539e9f96728c7f370101fbbc,2614979
Andrea7_Mondragón635_492d3136-b841-bfa2-9cd3-15bf55c7f751.json,4790e8a7f5f8285d9514618938bf37cf36eee901b1c7de2a65c39301a31a111d,1950117
Andria131_Howe413_4e91a238-aeb1-2ca6-c27b-5dd74d730503.json,93cd99746c8f822f4583fd09c11b1823474f3cff4fa38fc444cab7ee90a091f6,6012300
Andrés117_Guajardo157_bb54fb5f-052a-79d9-cbe6-62ca2fd74c09.json,939462a43cfd0c924cf7820eef2bb1299416050dee5ed070f7703b16d8e17082,640509
Angelina101_Kimber624_Block661_1808100a-8aac-f938-67ba-5e9035e03635.json,704d5c5cee8dfbd41e659c17fa96c5711a93c9a4bf3850f35f586e0f38a3b80f,12067956
Annice210_Kuhic920_fc155795-88c6-dd0a-ffdb-7df13571dec3.json,d91304ad30d7324e891b8eaffc9b9a081fc134532ba3d6c51010d99433fbd0ad,3010036
Arcelia945_Christiansen251_f20714fd-80a1-fd33-393e-0546ff1ac971.json,732fa853d82a5244bcf78a88c58320af14870d5c8b7d8eb615fa9b4b6b5e8199,1126564
Archie818_Kessler503_a522c6b9-a01a-66f6-6486-b0aa398e2977.json,e881eb9da9e054b63b816aad52ed4240cd817bd5dc921e1408041b5ad274e143,2924425
Ardelle563_Kasie673_Rowe323_8105e017-6282-78b2-5949-1dd4f35704ec.json,bf426ec13bba0337f9dc91c58a1daee41f0ccb8c9e7b2053fce7e596220ea43c,2888571
Arianna984_Ardella559_Hodkiewicz467_1b1be498-8833-65d6-53f8-b872dc2c7e9a.json,949584c15ad727dfc00750f1e6bfc8bda62bc6cb5eb5c0ccad5cb0006ee9e635,2296410
Art115_Douglas31_6aab5c5e-3a2f-fea1-ca8d-5586ecaee400.json,95425cd9206c3c2d384aa919c6d01e2f33da2f745d5fd4a8d7464087f7e33432,16062103
Asha251_Cecil300_Cruickshank494_4085fe68-e748-550f-bec1-77cecb8a1198.json,d741edbed7602389470baa8505ddac5d429973500b7bea2e946fc702a258d844,2321075
Ashlyn643_Lueilwitz711_22b39a41-794f-03f2-1de9-853e1e21cd9a.json,2d1bc0a1c2a592496587e4aa389e7d8dde33314d04226e2843750b4e176ba2ce,5840327
Athena83_Jesusa437_Nader710_7c4e8823-b471-090f-dd66-9ef86b6c120d.json,2c796dba757d09e8999e335f49f0027920c8614c561418c901e22b4cbef7b7ab,3793696
Aubrey96_Volkman526_4d94dd11-95a4-6f36-4590-84ab8f3ad647.json,46ac1f289d5009e6a39e51c83e09723d21724907013e84d5141573321ace8812,3558155
Aurelio227_Reinger292_af9f8a5a-c0d9-9441-cb63-b69ec50a5881.json,821ae3dd3cd27d4caf4c3ea657db9728c5054c8b3716dc798fd0a8450530c0bb,2461253
Bambi5_Schmidt332_205fe677-6c12-43e8-9145-f21bd8280034.json,f8508d6ec7fc1ba6254a9a359f5bb82c09ec7cff9a8d2f290fbf7a1b9fe1ab65,956671
Benedict104_Lebsack687_616f8362-2bac-9106-1a91-419e6b6763a8.json,b557601df292d4cbf51ad309de8e4e8982dcb4cbee0b947d2b562ebf38faf19e,1376811
Benton624_Bode78_23d54a84-ccb0-9ebc-ecb7-a0503d735577.json,0177e2b3745a0ceefefe253c1d31300cf6590df2e9e11900c97d8062e0278c08,2637672
Bernardo699_Feest103_a8c7880f-08e4-9faf-9542-c55e7d7e76df.json,a71138598e10021627dcdac0e6a1a3db5e2bd5969d7bad86fea7dac2b2eac11c,14731271
Bettyann83_Schamberger479_71b74f74-2aa3-ae95-e171-3ff5188dee99.json,13aaaed6113ad568ccfd15c8591c90a61cbc53540073a65d7b120ace14a3da58,2423194
Beverley336_Kohler843_655f7774-1e36-4efd-44a2-d36aeabb7c32.json,d59ed551a2c9c256e9b94adf1bf1cf5d84284f0a07c2870ef9b085d5633ea42b,2080359
Beverly445_Wiza601_bea30773-07e1-5634-5a5b-4bda73b84041.json,71503858c8ebc1999ef586eba13c49520834c92f4d93f1ae9c9fbf9a1c2185a9,2374161
Bill567_Gleason633_ab828d2f-7e39-c5ca-533f-265253d5d42e.json,44dbce72a3b3b0666286554fac11f6bbf2d63590e16fba9e0bbddad94255ccc2,34768581
Booker670_Aufderhar910_359c67d9-cf30-aa7c-ec09-e923a0a24e93.json,63f2aa58e4cf1d85a913e4f8e8aa2c8db20330454d69b78d35d05e200a64ac1a,3412915
Boyce638_Herman763_50200931-3736-e446-8c5c-33e9f34f4fc8.json,224bc1255d675ce357d6c07dbf626b0cee688cf1e57cbe907efb5b0ce5ee7270,809284
Boyd728_McLaughlin530_39dfa3f0-af3a-7304-b965-7b38c7e45452.json,10c41624022912f9d67e6a27f37168f4ff83c115fef0edc62840f7f7e429944c,1174579
Bradford382_Lehner980_442bf80e-f176-bec8-5352-5d58b4548a8b.json,721c5068bcd524f94ef3f706b0f9b5b580c2af4ef55091415a7db276aa42ed2c,1363962
Brandon214_Bogisich202_df09fdf3-0bed-4cbf-99f3-dd8d8dd2f7ef.json,cf3acaa555a4b3789cc6b35d87db43586888ddac8fc6ad66f540661fb87b828c,1433189
Breana975_Schinner682_4229f0f1-4710-01a6-5905-1819c5799c08.json,0366cb748fcc8a0eb296e37ee1012657266d66480169f84344c69f9c04806c60,4001178
Breann988_Joie561_Wiza601_4d244421-3eed-fa33-b19e-06d08b9a15b5.json,64ef66144a053838bfb642fc8967c4fe1974a6940c9a491167e5a0ec07b34e14,2083101
Bret7_Wolff180_07674c27-515e-ac72-e31a-6fc01d48e604.json,e8530631b1bdc5c6abb3815dede2900afc9f2b13ebeda97b1cda8a7d08260ba9,1048542
Brett333_Pfeffer420_28172f57-a805-ee52-f33e-12fa0e6138f8.json,93c4555ca8e2ea7e1066d02998e403c69638c7119042b4fa39ee5e9a398da1c2,2520382
Brittni468_Jay242_Blick895_c64ae96a-78e0-b64d-c4d7-b40131d0da58.json,1682c1d5099aef440af43cd4ee09bf63d28b1cd59817c70f0296921c5ed48e36,1610391
Bruce167_Kihn564_1e350ee8-0d9f-d194-ea61-d175ce5156e2.json,d716bd7ab67d445d0989ef7fe477d6bb6eb69429afb1e880499f5bdbd1f70bb2,3071329
Buford910_Stiedemann542_4ffb66f1-b77d-3cde-9620-272ddf313fa7.json,ec2a91634a390d8424e0d422edadf927656d3ad8abcb21dd8a4c377eb3ea8912,1654755
Burt293_Harber290_2a1fdf10-cc81-1704-61e8-fea218a92c0b.json,be5ab912d55a474f06f1c82ca0ca42fa217fa8ca19faa4e8c73445197c8a90cc,1054042
Burt293_Kautzer186_0309c183-6f42-b350-0eda-b89936e92eda.json,bfa3ee5aca3146c1ddd5a50bd5d904a30cab54a65cfcbf635c6163558425cd5c,1158936
Byron202_Farrell962_91dd1e88-63f5-bd78-7ed8-64e74ed9da56.json,90b3b177b40e17231bd3a090edf128a859ecbde29f67b3a04c0f165ecd6ea13b,2322684
Byron202_Lebsack687_aefb0bf6-de25-7819-9e11-57d0b86a8a98.json,dc080bedd81a58c6229a20a9a55e3db319a5382306f0b4815746fb92135e3b02,3799803
Camila223_Edythe31_Lehner980_9daf099a-85a4-d5d2-5e0f-463918fbc687.json,b8b10ac2cc42d10745593cf64ef6df02396a8cdbdc2895af0883a4a1e6f32a92,5914691
Cammy883_Bosco882_f6158d6a-b55f-6c43-2d80-077df62d5195.json,4ad33d8d99f18f3d7c4f67b5572c590d4de57f0a323d5f66e65d045198367b9b,2346166
Candis134_Predovic534_7aefa3ed-b358-7506-2b1b-2dd2d562e8a1.json,7dcbef8d48670ddc3121261c1f481ea32bfc230cedb8f2b9276d0f1918f1669c,2451792
Carey440_Konopelski743_fbfe616b-2060-0b95-b892-ec0b67e31275.json,6dd2cc2c3e04253d8700798182956486a57a365e9c46588ce80947e95cf44ade,1317203
Carla633_Smith67_5dcc69e8-b0c9-8786-0a85-7efee88cd201.json,ab92cbcc7ecd8399f9ea42f547ffe2946add3a3dce5fa1951bc48f6fcdb43d6e,472881
Carmelo33_Stanton715_c28ea382-3832-ee20-fd00-696e33b5c9f8.json,56a2b49b27ebc52548be93b96919502e7e61ace35522933ba00943cf33ae2021,2780181
Carolina179_O'Hara248_09799663-ff15-aea9-81a6-d3df0bd96098.json,6ecb02587f2c56cd7d12c5b9e5e5f8702b085f48b495359d3b454b5af7793fd5,11228935
Caron739_Lue764_Windler79_09cc94d8-eb96-546f-46c8-fbcc4399d770.json,1d4b22c983e6e3300bd5685fe4ebbade619cc6183e95bc2d88332b586b7d1ed4,4662216
Carrie738_Bednar518_c3c17309-7e97-a4d5-6bee-2fb8ce4d3ff0.json,c9afd3c92d4ee361612db5428b703848bef9ef398f15fdad08cb85160980f714,2760048
Cary869_Wiegand701_0ff1fa77-375a-626f-8861-0814d2b7e183.json,b49c6c89b62cc6c57de8e4373604cee6b9cfb6184e224b25d90f3456c9655241,1270465
Catharine355_Rempel203_24971610-c932-a0ba-55bb-581234603c05.json,d500f65aec8a61f93888ebb04564ad3d5fe0588ffec38caeb581f84da619556d,13359963
Chan58_Wehner319_e3094ac1-1829-8980-4fb7-96690b125475.json,421f7d0757adea3f4904bc2930ba14983682a62fba4861e7824cd613df8e2e1e,1541143
Chang901_Hammes673_118b0c7b-7595-f212-1529-7e4807bd007e.json,ef0274f53712f97500ce736f26efc9e412f779caf70d3779e9835109ef26a1d7,721181
Chantay958_Lenita591_Hartmann983_2afff3af-ca26-6bc7-8d81-5df4722644f2.json,05a5c0836ce0171a742fc1fbbad3ef4f6f5552d3afcc7de2d4603ff0c02f8742,1180444
Charla27_Elsie248_Weimann465_3e2e4caa-c556-fbc6-3a66-5c985742f605.json,aee0cc13637acfdd88863b12be0e4ac12ae7ae8dce587e9cb01b609f1a9c29d8,3011967
Charla27_Fadel536_38226169-2d13-b987-f687-331b8a59e6e2.json,dc3e6b4b19b183c9bb34fd65c4731ccebf2893858db06b242b6a6c0223114d4a,15677624
Charley358_Quitzon246_ea1a577f-a398-e535-db6b-c64c8cebcb0e.json,79ccf0ace9fcba5d8b4ff49d6d199927f047da999ea23c26b1da352ac87d56f5,2877848
Charlsie105_Corkery305_31f9daa3-c2f4-40b6-48af-84973fc75a14.json,32d22e507bac85b327fc53e826116f9be16f2c07d3267c1af7219f646218cbec,1646654
Chastity705_Pamala798_Barton704_8ec60967-1613-3e8e-f540-ebcc28c4fcbb.json,00a12ffc02fac375a36935367214459b1d73c80ea1a55b551f01b74dfbbd361b,3054770
Cheryl605_Trantow673_20008d61-92c2-7d66-fd65-493dccb84f2f.json,dc33398365297c38e9b942bce582980f94a0a7e48b71f9346e330938e35e6877,2143030
Chi716_Klocko335_baa987f9-fc60-63d7-8964-b0b7ab7a441f.json,a2e6a2ca734e4da011e6768e20c6ea4bb549bd5362a6f07389b233ce7badd132,23172903
China583_Okuneva707_638c311d-c3ef-220f-6e05-b5863b808c9b.json,cf359e6d6987f11e31351005c4bbb32a8e33d535a24cf2af8d0acae337b67db4,3465828
Christian753_Zboncak558_23f9530e-5852-ff5a-7383-1a18e31c54ca.json,a98853b409a4a9975876c581fb61fb4a39910f34f95e5e597da005ff69269720,1301032
Christina143_Zboncak558_76000c64-cf01-3acc-2a12-5c49315cb6e4.json,b4c1813e35b699af15beef1537a9697f12de42d2bc50bb60fc198782150723ab,1846265
Christinia886_Lurlene215_Nikolaus26_c191ac48-bd94-5a6b-c32b-8bc505a41e13.json,d4e225ef7497d6b0ae3618237844bc30cb45bd52ebe86835aff8f9550ff2047c,2375227
Chuck784_Denesik803_27ca4fd7-750c-bf4a-c4ea-706c1720c0cb.json,3bdf3e7fd7d3d0c88ec56a5474f7859e21081ba19d9d24781295e4ea33fb8d3d,901728
Chung121_Bode78_01825543-3bbe-c8e1-ef7b-11dbef2d030f.json,711177c9606d724fbb19829315bf50c9b5f05b171d1d4770002907fb2ceabbf3,1497708
Clarinda196_Bernhard322_4b584028-9e27-ecf0-05a4-6e6a458693b7.json,9f6c95e7bc3dfe21f09f6bb79527da9e7377dadf424773cec5844f2ea9120b8f,2189121
Clarine378_Kautzer186_2dc3ae00-f149-c791-efae-f02f37a2633b.json,fd0df493e11f247da9b33a3883b2d918f28997c161424339a30bf60199b1d703,1980148
Claude750_Karissa612_Corwin846_b4606b7d-d84c-f48f-17bb-1722f7086f4e.json,b498002bd4c79b8f05e0e753298a21ba1e34036441ae7a79793d3892869c4b8f,3374152
Claudia969_Kling921_4652fce0-8e1c-63fe-86cb-22c5a0e0d49b.json,32c41d068d49b66cf62b62b618c738f054da0b415324eaf6c51109bb7c8dd3d8,2751289
Claudio955_Carrera906_f84ecddf-3447-6217-2e4b-760a99397b0a.json,61954619c7de6787330b40b899bb791cf2d1650b208a440172c301b7357a475d,2012461
Clay913_Swaniawski813_ac3b173e-153a-60e5-2ba9-98f9a41b0901.json,5031055f9f7e3ad08fd10d000262115e0c210677e2b5cb1a32150b22264a0890,8267289
Clint766_Bashirian201_f1c75e52-1956-a7db-5623-696c75ea49bd.json,e01c4e94ee2a5b312e61e7ddbbeeb167d321f8ab33848892338f44199b7bd0a2,690638
Cody889_Ankunding277_c18cb5a7-08de-d1f9-8d5c-08fb1057df07.json,5116bc9fe2e2106f322ae661150949e97c2a5408e2ecbf2f0b0535492302b29b,2404785
Collen405_Bailey598_59d65b78-d2bd-5e1e-a95e-3865250ecc8c.json,c91c5560ea618096bb730a448937564fdfa66d0493e97fc2b14fd4f2b6ade18e,2689027
Connie24_Little434_0f1d822a-6210-318f-2e36-fc4dcfc0cf1f.json,daa7b3e707bfb7b8d5eb9dc7fb5e476deb48a1abbb7d47db691ac7275ed5d902,2895636
Cora299_Johnson679_5de8c67d-84aa-505b-3a5f-f02a216df147.json,c6a873f7a40ac73728d046c673c0dd5cfa48eae1e51e7610e45e7cf0aad96203,1886842
Coral377_Merissa718_Rolfson709_3c133561-ad11-d2ad-7d59-18d153350235.json,3268fea4d82d50594446674002a5c6dcb45542d06f35c665412f53942c4e93fc,7306929
Cortney940_Agatha2_Schowalter414_f97e1aa5-c5e7-09eb-75e3-dd7996181f18.json,3f6cbc69da3ddac76504573d7b3582a6dc5e487c213e7277359b15103a9e88e6,3123048
Courtney281_Jeni110_Hansen121_406f925c-eeee-c949-92fb-9400879db07b.json,f99877b1042a475660c7534f5cb5253c4b9b58e4b76202b29dff00a53323480b,3455579
Craig656_Murphy561_ce0cdf2c-3dcd-e09c-0341-fe7f40f91590.json,0e886151cc985b27322da7a494652e0d13f5366bc2e41366c2cb49b4c66f4f36,1879158
Cristen212_Schiller186_e5751bba-5819-98f5-59f9-699df824c6fb.json,7d7874f03f77438ecc0eb62c5a158faf2a907128d8d945e808390f7838b58e0b,1120286
Crystal2_Nannette779_Upton904_0542e6db-740c-5d52-a58a-90aabbc794d1.json,1a1d36fe70a0f755cef79ee8cd8e5f204611b2218c098702afd60dfbb98814dc,4363887
Dale454_Lindgren255_0a33ecee-06e2-e5c7-0d54-309df6f544bb.json,b237ffca86bc661ee89ba2e831bf5ad1d85690651969a2c9443fe822a989e8db,35679252
Dallas143_Larkin917_94fdfb28-7c4e-fc2e-1a0b-4a3b91b7c6e8.json,aada4d5b82f9bff6f6f65d1c08c87ca7db33eab8027e84d45d34dab7ffaebea9,2671807
Damien170_Wolf938_9a515217-938c-76d4-a678-e9e8b7b2ef6c.json,bbee263ee42decf95bfd62e6eae656c87770efbdf1c080c42a147e62153ddcc3,2427640
Damion480_Olson653_cc6c7f8f-a67e-b85e-2094-8c0e86fb4d98.json,7b4977b273755d4e50e9854e87412bdf33e80a6268dcf203ff73caea8ad8cc76,1657615
Dane516_Koelpin146_717ad9e9-ef8c-e37c-a260-38f7009bd519.json,e744bad39d41f753c9200058e61e7b3e11cc95d21ea6addabfee220abc38fe93,29991543
Danilo179_Schuster709_2b2e360e-d5ae-a31a-34c5-e2350f47c40a.json,8fcc7116c235d6cc6a5d08c9ea7ad4f54555c003d56f4f8f71963e61fc1e0d76,185881
Dann525_Margret280_Rath779_6a16a5b7-faf8-49ff-e642-7e8af31f986f.json,de2d8d831837d2494097586487188da9f9328d44a50f5be7bef1a60428a0f963,2424292
Dannette613_Theresa98_Prohaska837_b54ec258-afa9-ef86-3979-c471d433e390.json,5615b92fbfdbcfb0e89091cc88232f76fc69d247a54383d41839b364fa7f9665,1320295
Dannie881_Kling921_c77cd872-803b-8115-dbfe-52bde398976f.json,2c6a1b30995bfd3a6391ed979a2ef8d5e44ddd8eb4a8bf512c30e1fd4206c295,2111483
Darcy899_Linnea167_Brown30_4b3b9763-9460-4f3c-baae-e9d31620da19.json,daffdae1e9d5d534abfe2cdd4d11805fa19c0aa05b74d9c997667d73445660b5,4690103
Darrin898_Fay398_a83a6f8a-32bc-5084-246d-2faeb00454eb.json,ea6cd301347d4f6c22aad454155f69796b73aaf1ea22bd9de10e0998e8307b5d,9114382
Dean966_Kling921_558e0ad4-8f5b-24ba-102d-e32fc61b2365.json,fc657629d1c63ed75f0930ed046fe995a1becff7894d3e78e860d37fb9b6fe8c,2893965
Deane47_Haag279_ffa022da-2ca9-5d3a-dc7d-1c865ec5947a.json,8eaba97e9a46c9fb322891b8790faec31a2cbaf64162d7386c71cbda15690571,2063305
Dedra50_Camelia346_Mraz590_6d124be7-e664-c73f-eba8-94d99e1430f3.json,880d17b6e58209c828690ecdde0e6a774b4559b1ea4561b6e38878351bcf452f,19907303
Del587_Robel940_2b98e0fb-f830-e9f7-6579-dcc3946ce05e.json,af1a8879a2cf11ed528fa56197a0e2c0b27416155e6f99955adf70fa2baf9fa6,2368100
Delana41_O'Keefe54_a008a6cb-ef8a-a6cd-33ab-e4e1786b35f7.json,4532f1b5d599aff5dba31f32787ff6464b1a7b2fd55005df0b0a2f370a369245,2322147
Delila667_Boyle917_bdf29158-06ef-153d-8711-6df11a1fd1d5.json,285a6b44fa257e446a250cd5ead833811bfc65b60227059bf768371f3ae456c0,1414834
Delmer311_White193_0c9a7dee-31e4-36d3-2e22-3ee19a8eadbd.json,f9c6d0360e3e143f908acc85874106029f4594dc3d68ff8d09a4a56a7e3e4fab,2136525
Deloise241_Bernadine674_Von197_ede324e1-b681-cfc8-c782-80fdafe96cb5.json,6f048ddd9f486eefc171cc014b09063ac502d20b6082148000ec207dbcc7a607,3311145
Deloras136_Alyson860_Smith67_c23aec64-6481-0747-6c54-33c39bdff10d.json,d587c8e8a34890bce312801d88d3bf9190647c7345c56fa9757bc01d09bc8c95,3891928
Delsie188_Ebert178_d769c958-48e2-d146-9c66-da3d2a0648d6.json,00e3011e6b0b2aa989a3d5325470c75dd48b818c21bf697f06454694db739191,856578
Denese626_Mandi759_Stoltenberg489_62a845e7-3708-1079-da3d-3eaabb628b06.json,bb2a18c33df63fee2e2646ea0216219d10d74bbbf5cda066940a7b26795322b4,2224023
Denise470_Huels583_2d587cbc-3dfa-8cd9-95a2-6f49ead4ef3f.json,10c5be831cbc18eb61867350e73def226197809e945b2244aaebfe3984bc2ebb,1638982
Dennis979_Schmidt332_4bc3bc54-dcdc-827e-4e51-cf119926529d.json,1cadbc09af39acfb542f076266eb13fb9ff4b7e61d8b750fb5e7ba28eee7eeab,3511016
Denny560_Medhurst46_28410d7d-65d1-91cb-d0a6-143507d3ce2d.json,7240b4dc93f9f9eb195f2bf376cd5248957a278aa73590af1686417653ddb167,907142
Deon400_Waelchi213_6140b15d-270f-0abb-8532-2a9ccff32dc1.json,bbb3f98db49c62754f67f3c78dfd1fc7686128b7bc87b20c390c7e4a241b7d14,4407394
Derek111_Thiel172_e2aa76bd-ea78-af7b-8635-1c84d89ee276.json,a54a4d7ebc2b7e92ee7990450d53173d64bea7633fc5f1ee9b6c9379bacb91b9,27036562
Deshawn686_Gleason633_aa81a59f-5b9a-12f1-3602-7ac1966b5e86.json,9208ca185583934d92bb4aa22dc1bf5efa168fbf4091bb1bf3aa17431689d11c,1086683
Desmond566_Halvorson124_2e0b6f71-aeb2-06aa-446d-66538396d635.json,bdcce899baf5fafbf3d635be16d9e04c0ae281f117501c17568ebaededceac03,3129101
Devon268_Kate239_Hermiston71_bcd2f3ee-c55e-a794-ffb0-c0201d799313.json,ccf5a382054d799c5ceace082941f3741a11a6a981c27c4c846532f80648adcd,4548857
Dione665_Dierdre747_Satterfield305_288394c8-0eb1-51e9-b814-42e0569595ce.json,67bf1990021df4875fddfa0c2d0bc06d4c78517b74930661ef8795655f5ecd75,4637309
Dirk334_McLaughlin530_cfc1c338-552e-2760-d5f3-1a444ae699dc.json,1eb4162ed4e134b2fc403c3f7573a806eca762991fbb348a42ced90ca84fc0a7,1555861
Dominga527_Rohan584_8dc51bf3-9bb4-0358-8ebc-edd4be2cc5b9.json,239b2f6692df7992d536bad443a10d5ca66483f0a001167f11df3f6490640458,1531379
Dominic463_Homenick806_add6e4d9-b887-4b1d-253b-97574bf511ea.json,d3b3ce056dabd9ddd3d08df1ffbe7a999353d8453df6355e12b1ca44b7b15b5f,2853388
Dominick530_Bartell116_47d36035-7f39-13e1-e22c-9d874370b1f8.json,e3af60930bcc650c30422983895f0cefa5bdae12a409c3d8993caa5ee88e8c7e,2338265
Doreen575_Wolf938_ed5a7f35-d35b-0ee6-475a-f1c5baf4dd6f.json,29c2f27cf5e5da106f6bee18cf6db169534826b70cd3de1ef5a8770ec76ca42a,2588788
Dorsey40_Schuster709_f6515d4d-c8e7-4925-6a1d-e4257a4b5849.json,c654fe9a782acbbab8e037453a9dafc554404cfe4c045037d10ef6cf7d7890f8,4807636
Douglass930_Hoppe518_1777742a-4ae1-8e3c-fd40-2d4b86524eed.json,7d9299a6f73decb82189f6cbd25a724e16b04b9dc92a079dcc02dc91cebf092a,3328427
Duane703_Sipes176_87fbe9f8-6ca7-2d68-662b-d5b98845c070.json,0c6ef43dc5196c18f286b617415e493c0d19e8902204ca646af01785d0c38a0a,3021917
Dudley365_Gottlieb798_b99bc607-753c-093d-c055-6be8d5ba08d1.json,7d3947cff61456cfd0077f8f49b332f47c3a93f58cef942797e4801335bab118,3480095
Dyan186_Cartwright189_90c800c4-976d-e6ff-f82c-ea27ecd77bfa.json,aa621ce78837a9bd5a68ca274852f1f5cf3f9cf3d4b8a27c22ed50a337336a9c,696390
Eddy900_Adams676_90308938-3e83-19d1-cb26-2d0d2b03903b.json,f89fcaaef7ea7cefaf0b60c10e00bce0a288dbb87f9e667039e48a5a1d4278b4,2481967
Edmund685_Beier427_bdf9724e-cd27-fcfb-e70e-b3c250e9fa2c.json,30e2fbd1f8487b7076f773df7af89b9117f0edeaf99e498f328533e661e2b629,2211372
Edmundo94_Schowalter414_93459e66-42ed-bb6d-8553-47542d45d9b5.json,08cfd8b69c60beb82fdca2680e562cfa5dd0ef2859f0a4327c55f904b70df0df,835437
Edward499_Mayert710_f89416db-94c1-4f94-d3ed-6189ed887d32.json,24204988335d71869cdae200e542c59fc7bd6e0cb2f7cc2627ffbb33a3933b13,3236458
Eldon28_Wintheiser220_3139a347-beef-1215-cb8e-839691fedb86.json,5bddeabbddc868f5b046c6c71b187a53ac14128c2d01dabacf69440722c00c5e,680038
Elenore794_Littel644_9aeee82c-9c69-be5c-043f-67a60a139fc8.json,ce503f905693ea2eb32e3e65c9243f4463a4ba7d925afa43feec818100041aa2,2162820
Elfriede680_Agustina460_Bruen238_4f714e41-c467-218e-7e60-021c810b92b4.json,700e4d133f5dc6bfa4e77c665e0bf6226d727bc4a260c6e6c13b4dbb73e55ab8,2832495
Elijah719_Brekke496_9262df93-c890-8be1-d503-599c234d8755.json,74376942c166674d6fb9fb76b972f9e7bb18ff80778d9696d31af2e45280f465,1319639
Elijah719_Frami345_b4c085cb-69de-91bc-81e5-2696efd5899d.json,2d4980aa7477f5757e36f958585921feba73c24efa12907d81dcf8ca8f996674,2596240
Elise948_Hintz995_5701d453-e278-4b31-4609-4e84f10bfb52.json,f15347386f7fdf51d9e713ae92cdc6cf14ef7e23893afcc0e51a8e4b398d4bc4,1189860
Eliseo499_Hudson301_940b8423-478a-5013-c62e-d1c20601d662.json,ad8fecbac2381e5561936aafa9da50b6ff84366d3c947a9c87570e6bf4e4f813,2033951
Elisha578_Goldner995_df48bca3-712f-8a5d-7950-29022f3020b1.json,218043ad89e9e3261d9ba1a23797f3eda581acbb9a95d4d513fcf85477f4c4c8,10946975
Elke785_O'Hara248_82532b80-f91c-6d28-1407-401f4fe12f2d.json,d876fc0a77133dc3feab67e9b065f6399e959b7cc6dbe426d9ee93bedda8071f,2319691
Elvina437_Lueilwitz711_d6a135f2-4d8c-ba81-454d-c96f4e28fe74.json,bd5758918ad5600346cee0d28040443487e2a1410c60789c34f91a0101f135c4,1893122
Emerson869_Glover433_75054069-59aa-4bb3-3b13-73730645743e.json,711aac13f7c77e7c5071e40fb20adbcfcf94feaad5e4bdf3239dba3c79d04172,2092520
Emiko501_Torphy630_cd7951c8-d927-83d2-c110-f673ed875444.json,b243ee0eedf78be711e8950cba291bcecc72c3c5630eff9ec33cdec1c0baff72,1382123
Emil691_Kemmer137_d87916d9-60bb-3afa-994b-8a429634a4f6.json,089f176453f1a6de0099c8c415b76d043078e8ac9b141f90a3f5cb6aac9f6825,2142998
Emil691_Kihn564_ed9a3a73-9924-4bc9-7dd8-6abf8d983041.json,8c8c1580471325519a8706fd125869044acfa05eae704a2159b13095db147496,912012
Emmitt44_Bins636_5ef417ba-a6bf-708a-d538-167211490706.json,9b77b30dd64295e5620ee0f7bfe63125663d85faa11ba8dcf304aa0b146c9a66,1926508
Enoch803_Medhurst46_e039d0b1-0176-10f3-4ea3-81b4433cc17c.json,1019ae86cea12f5838a4d0ae776bedf2e91619ebed3338296da720a0f0964873,799674
Enola75_Altenwerth646_cf939d95-5c44-3acb-761b-f2fa97fe53cb.json,b3dd2d036db3367ba115bc03995669f4b026ae0e955f3a2c5c5b6f4d60e50144,1988187
Erick204_Rippin620_9429b77a-4530-a996-cb75-b45c2c83c6f2.json,b42f655f8b5f0b7fbf8774c8d2872b1ad425136c4dabbbf1f3c5d94267a0aef8,3229494
Ernest565_Becker968_f1b97c32-2278-d681-7b9b-2d9c9fad9d9f.json,3665c59b7933425f86bf8e6e25e26361a5e7299e9c7f7a93ba344b397acac881,2537706
Ernie189_Bosco882_a1a2903a-8cbd-658a-95a3-350eaa43e930.json,94a981b6cf3cbc958eeba6c7eadc023ef2fdd66300f67430ff840947ba7e4344,2227506
Estela596_Stehr398_26d35d86-e218-72c3-e525-dc35ca838390.json,062f3bc122bc97efb3892d24beab7d3a7363d8b5d8038dbbbae95a98975ad843,1019744
Ester635_Gabriela205_Cepeda588_c5b922da-030f-a173-7a33-39f9eb7fcabb.json,b38ee88df81cd8e73e280fe46acd14dc24a5d0c65ce021b749d766177770d2bc,1849744
Ethelene252_Kertzmann286_1ba3a60b-adef-3086-b2b7-435a451517a5.json,39daccc99d8607ac06da36e0f5848e602ac53470345eb20feddef5b10f8453c8,2885132
Ethyl508_Hyun970_Carroll471_caecc2e2-ee83-f8b2-cf68-0500785da104.json,d315442aadf915e2c204def5b9a66ae7750ff4edc820fe6a14434f44254d7664,3144919
Everette494_Huels583_2aaabd9b-955b-c223-407c-d8e51b29d680.json,56fb3f8b1726f4b382e95ffffd44c1148ac7338d1ece9db7bc4f77b247c5d925,889601
Everette494_West559_53cf8635-b913-7ad4-b333-64001481e19e.json,4dc5ba3d62f37001e55c5a30f46e24c2135064a99ad1be8cb16dd70d269ff982,1866995
Fausto876_Bins636_254d5c30-5770-414e-9c04-25619e066053.json,d787d65baf977c4d975c2e92b258ca96ad29d1f86fe13f967fcf38c1676b6075,1233056
Felica690_Prudence900_Barton704_7452e149-732e-2632-0adf-e4ad5f3de53e.json,0e40e808d3cb7d89c805fe7489892c9b684c662b71592b74db14418180369976,2109434
Felipe97_Bartoletti50_a1669361-6506-8d4b-ae8f-95f747a5b920.json,04fcfd89650c87e8b9f718eec5cc1b9f77d5fd0a92d5413ff8fb3d568f249878,848625
Felipe97_Homenick806_67224657-6b53-1502-26de-84bd6c31d1b2.json,e16784bc458e5d81b4718257abd1c88ae2c8adfeca861bdfb7bf0efe5b587e6f,22901008
Filomena215_Twanda979_Hermann103_fe1a1de4-4b84-e7c3-8333-d8d749881238.json,616793c7cb8dbc7f1e4a6a68925763da6ac1d7ddf6cc6aad1fc3eec55f80458e,1188207
Francesco636_Hermiston71_c3838789-e8ab-3fdd-758d-73ab21566d02.json,7216d003bac3fe963a133a4ad3441989897fe4cd9c4600632bb9eaa30b50a5b4,1163396
Francesco636_Purdy2_edef3340-9310-edff-2cd6-79857512b877.json,df493dc410a23a97e9f75c2b253cf3b837aaa6cf0ea522005d0eb2b9e104e554,1111249
Frank378_Smith67_5da26155-b89e-ed45-6e08-ea2fd832ff87.json,f39fde61fc8f02da51b783bc3d5a28dcc33865fa8da18a349cfeb73e9f10d713,2220935
Fred155_Dach178_28a3c994-14b9-6a6f-01e2-5d135aabd674.json,097526a5496ba8fc78d772504df662e88f23698e35e3872712383260831086ff,3569540
Freddy176_Watsica258_dfeb7f8b-614d-29d8-f4f3-f969caf6b836.json,2bfaa22242129a0b615b632d0a712499e9ccb4078f708d9404f6ded67d0b2179,1913972
Frederick289_Effertz744_f9726abc-3c65-ce1c-5cae-e9fb8728e7b7.json,97ef6ddac4d178c9fa5af4c4672d7ed130b77d36ad98e3d3e565bd33b6755cfb,1477031
Fredericka800_Pamala798_Marks830_bace887c-5e17-a2f3-9357-a302191ef44b.json,78c515f6825480402eacb4ef39eb1ddc29bb9d20a869bd33a95ac6bc57d5af85,1476423
Freeman822_Rohan584_6bf31e46-8370-00f2-291a-3fb1386d2b14.json,040d709a14519b9199cef8b5c4f50bddb3109c01c20caf4a2b74bf004f89e172,2778005
Fritz267_Brekke496_2ab030bd-9238-6dc6-f9af-2b7202c2e574.json,525e86b09cfcfb2d85648c4f5d5d894f2ede5837d444c102340dd4c92c5c34e3,3894242
Gavin481_Hauck852_a773f62b-4ac4-fd0d-e7c7-186f095d78ce.json,0f29e3e6a62033966643cb0487fc17048545187fa54183cf8debda52badfbc86,3834929
Genna99_Jakubowski832_f080b97b-c29d-4312-10d9-78f622834de2.json,27233c8bc0bfa9d5d4179e6cdc16f930a3351bca3489ce20d0cf59f694d4768e,1501792
Genny123_Jast432_b2a4a68a-fd92-6d00-ac7b-cf2410a67e3c.json,26da750912f36dfa28c67a066e5f7adfb74ac6315af8fa6ae30c1f116e924b44,378389
Genoveva361_Cormier289_08d8fd54-5404-0fd6-b1d8-947599506747.json,098a02b67cf257068152433d5747d0dde0b35228d25492c58eff014b0293ac55,1155402
Gerald181_Dibbert990_484d6b59-2220-b932-c0ce-dbd955779f46.json,3aae152e20133e8f5ad2b0fa731ad7f4fc73d55f6febbdfea58317796c78a822,1485135
Gerri75_Strosin214_0cce6f8e-2868-082b-55c9-abaef0c12a3d.json,bb0a593510a8460238dfaed8f5ba2d262711335b4084116f786cdb9f36570850,3945709
Gianna370_Jakubowski832_dc62d04a-06aa-b148-10d7-d14afdd03e3f.json,c1ad53c83f962ffce6c20d000e96b150c0d396f40950c5d8fa28957717fd33ae,3861276
Gilberto712_Henríquez109_fd922513-0b25-a9eb-5d7b-569ad4f8bb57.json,caac27f30065f583d069bf4e26c998a2737ed793edf84b73f8e7851b3ad45892,1220588
Gonzalo160_Ojeda263_0bbbaeb6-a9c9-67c4-897f-d726de852661.json,b46ba0fd5c6e9cae7006ee8932249d46e5a5698f82c87cdc39f0a054f0963172,1031229
Grant908_Abbott774_d6878dbc-88b9-7898-1de6-cb68f33aff05.json,0ff9460bd5e4a35c51ec9a092da803bbdc10728ffba66bf9e3637a497d8c21e2,3354539
Gretta175_Brown30_05dadea2-33d8-7603-b1cd-102b07ce4e5b.json,2def8077721aaad9d6d29eabad3ea85ef0b725487ea2527c66aee1d888262fb2,1556213
Guadalupe206_Bañuelos542_957770bd-c6ba-15f6-26c8-dea2e9960a5d.json,695f84e11d4291f116deafe521779391eb56c2e01f0ee52dc87dfdde917ebf9b,4008514
Guillermo498_Jaime666_12e7fda3-ae22-df05-399a-a4908a5dfec0.json,1fd1c08e1a2b6e1c65a4673770971a5e81d06bebc422615cf85d9e5d2b1917e7,3435597
Gus973_Kiehn525_980ec200-ce98-3afe-7e15-9d01038b0ba0.json,26d316812e332ac9102f26445b4c51996a1f39656377bbf440f37dc7921aa173,3026338
Ha329_Grimes165_8e7dba45-59cf-1424-25b6-44be1b4f9497.json,168f6a402be47330ab2f7a67bbc1bf370e77cbef194532b36ef1d44177b30056,1957950
Hai304_Kling921_2595af4c-f6b6-3761-60ea-4d68138267be.json,845df1393405edec88dbf5568959a5decd29149c07d249291f1f62557515b85a,1128760
Haley279_Stroman228_dc5c1db9-8601-986c-db24-42f8d73d4df0.json,1e24ec2fafdd31353aecedbf0359f63dddd2d7d717e5b63a24abbd1555633e9b,2044235
Harold594_Abbott774_b916b468-b508-0e0e-a165-cfd839a7ab2b.json,16ffd4c3f8f9aaa61eca4895e25ee6945d9e5372b1b1ba3ad780ceed9cc6d028,5271230
Harvey63_Abernathy524_446ed2d4-c5f4-5a41-35f7-a952623c9c22.json,2972f1e311aabce1453219d820fe1915a62ee8f28dc809676be75ee373a68091,4579437
Haydee844_Bartell116_6a5b2166-1566-f0c9-335f-392dd9628596.json,9e2ed454cb2c09b3815084f5ad8ff3c1162b389b0c2c06dfa858a575953bc388,6737497
Haydee844_Schoen8_66394186-9f50-fb39-4479-c7759f18c118.json,3b6aed642993460b9ec904eb03561e522e86dbc9f52858917d84479861a11fa7,1341848
Heidi513_Witting912_44088d7a-eed3-4aad-d5e3-43b2c2134c6e.json,f1fadb85e31e68a7b00709267669f694e315395328dfe3e9f1d0063201354b26,594315
Hertha832_Gertie348_Huels583_6f5fc7c9-6ce0-6976-0b5a-a233ed290878.json,452cf6881bc557d70a8819facb7c2e47bd70c170281f87bb55cddfdf930e360a,1502055
Hettie215_Katia630_Schamberger479_cfe09c75-8128-2a2b-3641-93986485c3d6.json,54cd49a8b109cc406f60b02ff7254a05955d6b8876092f9a30f7ef4d6f36ef81,2399072
Hilton264_Morar593_ca30ac09-d38a-16f4-7e82-a32d8f63d78b.json,7f35684abc0e28eb4c5689123c7ecb39720efd7db0bdc5cf367d31ae880c24d7,10568645
Hiram237_Stiedemann542_24382751-adb9-221f-1f90-464bcee335da.json,9054babfcd2c0c22150d7c92546c9648896a64f300b223a78bb849d1779466fc,1859081
Homer307_Hoppe518_39fe8dac-55a5-1f5d-d2fd-75bce3605002.json,0d78423d175a65b44e7c1d7b2f04e799e44f1ac75e74117a01b9f7bdfcb9b339,2561709
Hortensia953_Audrie782_Koelpin146_36c9744e-443c-4f6f-a47b-a66136e71d94.json,7275720291ca4a06ab19877e5333fd368680f0bb61f603d07d92fbf8a30b3d5a,1615208
hospitalInformation1791182662567.json,106bca1d2ac8abc6644cc6d1966b725abdeb756533fda738d8230589389d8187,2122565
Howard613_Powlowski563_1b0bd248-5cc5-9115-9ed5-055d1fbb8724.json,15919772040cb566dc0e2691cd6e545d52832750806059883d7056da81855fcb,470147
Humberto482_Collier206_dc4f8811-b951-c43a-d985-7ed4f1e79c05.json,dd0169b6dea3062d8db88dfbee3f93177ef5c1be3db750ca2d2496aaa5804d4d,2496759
Hwa978_Tillman293_ff1a5d9c-7409-970a-b4c6-3bde56d70279.json,54ae7b945b05f66fa1397e11f0ae05aa159237b04042b3d491dc1744bed3df48,262892
Iliana226_Corkery305_df4027c3-ca6a-be11-cdcd-cb1d4ab51a9e.json,121d3b0cd701aa1e337dfbbcb3691ebe71b069d7b4a7822f99b61b6008175a53,11751183
Ingrid581_Molly175_Schneider199_ec77d270-ed7e-d393-c2d5-cad04fb8944d.json,6c90278842b60e7d77f5fa817d058a6a1700424b3083d2c502d71e2155005023,4880660
Ira784_Davis923_52c362d6-af16-7bfd-0c1c-728560edf25f.json,1e17ad3a630ec9b4bf5b254232f4e642037f1d56924b286a16191bc9a04ddec5,1248284
Irina619_Dooley940_381631aa-b9ee-3fef-e263-a08f40809698.json,61adaa4b8f469bbd04577ecd83688849420fb3e68b29190c25cc933de77b2be9,4228839
Isaac321_Pagac496_442262db-0967-a008-7430-9a3a310172d5.json,f54958cfef9702716753a0d46be7a5e1ac9e961d5f9849bd9bf92ca785fa5201,1044157
Isaiah615_Bins636_befb9db8-0dfd-0787-0a85-04ccdb90130d.json,914551bb36c7e0996db7fdd0fbbf24597544348123a69932f5243e785ac5d3c7,5492907
Isaiah615_Kirlin939_5cf6f8cb-200c-05a9-e0a7-b6a685f9bedd.json,cff4339397bdb34bcd207f81ad2b77600ddb7158ced6fe569b24f9fd768a85d1,7684629
Isidro558_Douglas31_2f490834-f337-6382-e1a4-85345d714201.json,d77b2147af7de96726593dff8296188a287c010e2a135e6a259ba61304d80d0a,1345958
Isidro558_Friesen796_57eb9d06-0989-8a7e-32ef-5ddd05f5f843.json,6d639e6854507ec8470ce548ef441612443cc926c0f4b9571bf1b2c0f5612c6e,3665389
Israel728_Stanton715_ad17479c-ce90-c3da-4aeb-4fdd846cd852.json,20f5d4c8b02e8393ada7f9ad3627c0b4e4fe96bfbd7dc1e1fa4a288c10bdd074,4313959
Iva908_Gilma310_Sanford861_0e228e65-cc4e-dd45-015c-db4fa9249bc0.json,4ede6eda1b144c84010e61032bebc30b5dfaf4e5e8233dfa6f83963ec0ba6b59,3429676
Jacob959_Stamm704_c049b1f9-ee9b-64b7-d4fa-de8493123ac3.json,b48633ffe5c1c80677e6adcdc35896e6255d06dd3bae28b809005177d2f2f2ab,615024
Jacqueline49_Ernser583_b97af62d-39c7-c7c3-d23d-e960b34c4291.json,3771ce180bf91766eb0283e140a465af0ccd72676a5bc3938b7c55c884531a77,225544
Jake169_Christiansen251_dd8776db-37f8-55e7-e835-8cde18c06ee9.json,666660764faf96f40039f3442a7725310ff03f3f02cb37e08dea88b71453f2d3,578456
Jamey282_Daniel959_ba604616-cf5a-559d-cba8-aa46aa6e3c8e.json,918b4a5b662be1d5c0991f0fc6dd8b119da518ba7737db0f768ed9d70fce8524,1603594
Janette321_O'Reilly797_6eb85be4-94a2-a2d3-1ac8-a4aa493ef448.json,9dc26df5382e660415e1e320c5437eddc1a595ad9f774a3708a31930137fdf85,1517666
Janie347_Gutkowski940_18e63129-fa81-553c-d1a9-7f474170964b.json,5ea4751a94b597860900df4ae4e9b98ceea7df4b3755ae9345e3e6344abb761b,9579734
Jarrett354_Roob72_9234d506-8bab-aef8-c3e8-a5d857014018.json,36f94e51a377be900ef2b35d76207c941de5f71359fc940854bbbf84b0009185,945185
Jayme42_Strosin214_fc0de55c-0b0e-58da-9667-2d45329f7546.json,a3b2be0761e3c4aa02c2694a585d4385452c76e4e6291768b2a204d755473557,3130560
Jazmin969_McLaughlin530_1dfe89e8-1a95-225a-f290-a7a9f90808a6.json,aff9dadafd4a1bbe423f0418b1b745ed5e0818ee898dda8f65322c8f1f0579b5,2166751
Jeanice469_Macy314_Bins636_d40ee66f-e7ae-5a99-24e8-319f56496e8f.json,09bb998359d3d21778217af6088c7c69a300c2a22846338cfea0ba8d8968cffc,7254340
Jeanne553_Smith67_917c780c-1887-086c-c379-e894e52e7e24.json,5aeba98ee5fccc226da6c3a9dc94b5f1244efbda94bdf21efbaf48ce283bccae,3143662
Jed345_Wilderman619_ec39e334-8fcc-3a34-729f-9e4049ca6fad.json,fde06ebd6efd1a499b416cc37d109eabbb53524fd289f7d8b7121cedaaa4dcde,554190
Jeffrey461_Schaefer657_971ff993-f6a4-9760-cc54-f8c76cc7ae73.json,cfb0f270f2367395bc9140563f1d60256bf90830082eda199437a52d989e2d25,967759
Jenette717_Batz141_f57ce5a0-eae9-f30c-61f5-ade301988572.json,ade6faead53e91ca2c6ae5583a6c991313d0a6b2c7c3d79792d577cc6a828261,4470040
Jennette837_Layne115_Mertz280_13aac9b9-e8da-023b-d9c3-c195c63f46ba.json,8efff76c5e4bb689f7dfd7269911612f92fca096d1b9349c91ea439c74e74269,2946787
Jerald662_Aufderhar910_e12fd780-5242-1472-ebd4-999434cd5ae0.json,d45c30f5562c8a243eb915b722ceaf951dee88907cac81d00cb93138eac765e6,1731928
Jeraldine574_Maudie129_Frami345_8d5f9503-6c0d-edc9-40f6-628b44250c4b.json,6ebcb81fcb457a41ffb527744def2dac43483b06517dfefcb1efe468608b4b5b,1770694
Jeramy610_Ebert178_e9ae18a9-a444-bece-d583-4d8d4806d7c8.json,69bfb4aec31da4012dcb57642176b4dfc22346698b6f822bccc345283c92799f,1260387
Jessie665_Bogan287_2d61f586-c939-3cce-a75a-20357b34571e.json,ee2e6b394b0324892a66a4c7dde186a3bc46f4988f7186eca21da95aa4b47ec0,846987
Jewel43_Lashon823_Schamberger479_9c78186f-582a-d5b0-2fdb-52b61514104e.json,d37416ec90decb4644f2731877b607c21d3b7218419552523759b68bbe890c80,3626508
Jim478_Swift555_01b6fa9a-2f6b-ac2b-1245-f6a0482a4070.json,46f9f547624e58bfabd8c9d00ed0927c19ac1121d6cd88c3c086065e8dfbb18b,1244030
Jimmie93_Lubowitz58_3c49119d-0dad-48b5-d16f-1a3b96f2d6c4.json,095ab67a0d29cc361406d016a7a565e53f273e00110860e7cd3c72899ee7c3ae,805867
Jin479_Mohr916_2b2c4814-8821-a55f-bc78-93026eb990b5.json,530b1961f53e91ffb017211976366137c990d57a3bbcaf929755f38077117280,3407441
Jo405_Collins926_270a40e1-9f5d-4bf2-eb6e-1481469d3cbe.json,35c89f77dfb2e36babb36410c9add8c188434af80fe03325c7930274c08769d2,1420758
Joel444_Kerluke267_6ad0b984-27c9-831b-f0a2-a1a5f9669e4b.json,2c22e6132f9d0f39bef10d40647f6b9d25f258f9a380b00ece8b2377095721b0,2322542
John539_Jacobi462_c9c13ad3-3034-817a-1c3e-1c1060eaaa19.json,7df2a8efd3561b4888ced9f3ba28f955a43c9d3ce5035c896fa1050c2fb3f7da,1107128
Jolyn4_Beatriz277_O'Hara248_115d6f27-8c34-d1c5-ab2a-ea87bb89ff3d.json,d4091c31cc02413da6bb165250cf45e329f8035646a09fa622820e4b5764cfcf,40714975
Jone716_Carla633_Tremblay80_dd646cc9-85af-3a42-2e1b-098e44ba970e.json,1d13db5bf3ea6813e2b6135f9e2658ead9bcd38016017fc4141e15e80ce09504,2995494
Jordan900_Kovacek682_03989e6e-ac2f-495b-2d89-b23f68a9a383.json,1981fd71319af72b65f934a41c3cb5a7117cd29e356b6444e157e5252a54dd98,2837461
Jorge_Luis88_Zúñiga630_88bd9900-aded-cea6-bc2c-28c8a42cd2a8.json,b8ffcb41470e9ee92b1c746339224b9416a8e752d2fb23d2bd7b6d7e8ba1fa64,4566540
Jose871_Harvey63_37381e15-10ca-bcdc-fb1a-980b469cb7a1.json,d757358f6c29f6d089618b931bae07978f083114992d94b2dc48fb69b6c8d5b9,2876279
Josphine206_Reatha769_Langworth352_5d179cc2-f127-844f-4f7e-f7cfbe71d6fc.json,7ca49c546917cf862bc44e4a382401112c00ad203b63e71503a9e595c62c18cf,4957625
José3_Rincón417_ce6f355f-0556-60d4-614c-920be5bd1684.json,2063369a6d6b39b67116cb3078dd8b528eaa054646191be4bdf966b6cbc2c6d3,2420330
José_Luis472_Alva958_62920b20-d4ab-565a-e5dd-b991bdff54d0.json,8d585bf093a22df4d5b7477426a25ce1b096f8f15658aac3a23f3e2b21073985,235295
Juan88_Nitzsche158_b5a2de7f-7d19-59da-ad3e-045a61b68fb9.json,04cbe541ecac4c3f68a8c3ce52432c2dbd39f3422d043c4a089bb61fa4a97738,784184
Juanita470_Tremblay80_cba00d05-c6be-477e-1d39-7b9dcd7ab8bb.json,637bf79733e16febd24ca154a007b8002d24dc831612382bbfdef0d36d658fd0,1255403
Julia241_Gracia333_630894de-fabd-e8b5-53d2-e89730ddd8b6.json,09a882f03dfb2d42fb0866f110a845e14139127924e2dd7f2bfacace448922b2,721600
Julia241_Thompson596_90f397ac-0663-72fa-3ec0-9712ef342f20.json,d9c8e458b3cf5b29124a2e31878b821a0e21d4c22d8785f82af0915229b29549,808497
Julianne852_Monahan736_04464864-a581-493c-5c0a-7f2da0755a0b.json,c24874a5ec3ec5c8d6f8a341dc165b533b1e378c13b1bace566368422cd0138b,2707072
Juliette736_Keena534_Bernier607_00dfeeae-df7c-1fde-17a7-38dd273a68ac.json,922a028266a57ed423e38edbb207aa9c680ed35801f1e64ec748dc62b511bcb8,1914222
Juliette736_Monahan736_c0b96a6c-0bbf-48ca-aa36-5bd7e5ac1956.json,b1cadbadce6ae69ca5aacbec8f34fb1fa87a77a9016552ca3e35293e79215a3a,1515268
Junior695_Buckridge80_106f33e1-7c0a-9abd-75a3-5581f466cae9.json,1f4bf8012efdd1e99928504a6fed5537477ebf8cbd26a10526af9d7c7632fc4b,894038
Justin359_Kuvalis369_173d16fe-42d2-d3e2-9923-1ace0d61fc97.json,84a9140fbc29f231553c04d4489145d2d344541c1c31bc73122c1a08d87ea5b3,1400487
Ka422_Ardella559_Cartwright189_c5fab86a-ca08-f9e0-21b6-dd6edac5a207.json,36d5b1d38998cf868c6a7ddf7919eaf8501fa0eab72ffb97a6f9a06313d224ac,4981601
Kacy732_Tromp100_a7306ef9-2f15-351d-a86f-2eedf4fb96ff.json,f2ceb3bfa1bdf7cb2fe2a856e3ce15fe865f779ee4c2db52b444d86c23258908,1546547
Kallie862_Beatty507_85133f14-6c04-c23d-874f-d19c2408d752.json,483b347bd2bfe7d3c73895e772cbb9086999fca940eff78ee33aa4a4c9cd546b,2474690
Karl184_Fay398_8baac7dc-bb36-bdb1-c30c-d39e3a19ab71.json,d7fbb102a05c10e4472956bb7ff7ec83052a08a91dacada1f60cb75c1f5ff6bf,1162914
Karly825_Cummings51_6e52b038-59d7-d02d-8e3a-05906648664c.json,ed7d5f53387e6b6fd20ca27cd28374d5e416331f31144c84b05c0942b110d9b8,2390988
Kasey569_Marks830_37bd999b-8dbb-4681-5c39-a52162038408.json,7f1e605867a3d9783e22a49491da7a0cfc69b23f1081193446cee9878e0ffb10,4303847
Kassandra256_Dickens475_44faa1af-0405-53c0-cbb2-b66735aaea13.json,a028b6aa8c0ef18b36a03c7ec3f0399da56b9eb9e5741cf99381629235fb39c8,2147412
Kathe603_Collins926_e206cd37-5446-5dfb-92dc-da87cff0a5ca.json,f28a17fb9aec245075078afb99ce02b0bb340a49f26d51e0c94c6cba2c299535,1453645
Keith571_Welch179_de260a56-e43c-3753-7f3e-f4ac89c2cb6d.json,2f62a1dbfbcaa93168770a0239f0774594d59505ada30d3283b956b8406a6894,2083707
Kelley882_Jakubowski832_247f706e-686b-7592-c2e3-84b48a27c9dd.json,86df8718f49eb94b6b2ad874d38d509d81929841f5d3e2eb713a48b03517c876,3526955
Kelley882_Ziemann98_a789c9c1-831a-ed11-4ad6-39a67ba3126f.json,100e84117fc5e396760764021e82178c46381f2cd6ef2d8f68935b5674b1bee8,1938753
Kellie778_Gaylord332_b4f5e346-6c12-3ae2-03d4-b1ef9c576727.json,0801c274478778628ce7fdd0f427adb8e9336477c75ed4f451a4c94087159477,3164909
Kemberly945_Shanahan202_0bafb561-dbd2-bd7f-922c-4005dbbf10c0.json,cf5bdd0f4d75cc898854b62dba6566d1563dcae9362edd90ecf493dc317ee1f0,1114547
Kenton313_Bins636_dca8a77e-31fa-5cd1-23a9-670b022cbe15.json,e8bc90708fd7ce1513db8108cb177e309f12819be77fd115a574791f1c106acc,2102032
Kerri159_Quigley282_f568568b-b2b0-ccf8-c1e1-e6937b6312b8.json,3c4e556ff7c2fd9544735327caf85d41f5cb37a808d6e9c87372d4c9ab9f7a73,2168844
Kerry175_Walker122_48138196-2f91-6098-1083-ed19499dde28.json,ee9bc45b1ee9eeaa86994ff270f0689724d7b801a86060d915cf63d2ab8438a6,2977994
Kiersten731_Heidenreich818_e19bc850-7a36-308d-5f51-24cb8285e75b.json,e78022d20c52c89995c5aff96e6f75251b9c0ed65cd2df1026e99ac59e3c8e41,2428743
Kimberlee228_Huels583_01c207bf-a773-74e6-1dae-232d34fceee6.json,fe612d312055b656340046c20f389b5ae4c2f2e3796f9337365f4637b74685dd,5978541
Korey682_Schamberger479_6dd59490-bb1b-587d-b87b-18b389c66c3b.json,429d5d2d570f4f53c6fd1ff05cf5120e0f1db4c2aaf7153cee8b011123b3e439,1834648
Kristle148_Auer97_5c796bed-9753-7631-6d5f-015435bd00f8.json,28833cc686cee150ee42ada5833ab694dfc1076a548f0620f56f963d264d9889,844051
Krystin400_Runte676_fa56e38d-5de0-89e2-10fe-ee22a1ae6930.json,85ecd8247b6a460a2a34ae4d1e84be6e9edf6737d4b292da76c79e2d7f34a00e,74748897
Kurt412_Kuphal363_8d9a1305-9e33-71ed-e15d-725b989ec3c6.json,e6e0522f072d7b8ea7dad33f0dddccfd65918532c6b460f6a92e6111c66261da,3141225
Kurt412_Pagac496_2387bba1-05ed-f40d-09aa-f583680f5905.json,95af6b67e7646af2ee12b943082a1ca66920b7c747eaaeb79db5fa22847e2759,2659399
Kurtis994_Jacobs452_5962782a-899f-4f15-563a-29abb86c92f7.json,a53ffc26fb71ff57f06d83907e8faed70058e01bea738e9780d663960c99fda0,802072
Kyle55_Rau926_eccad887-86f4-9b7b-57bc-87a22d767904.json,da502db4c6df2044e9555ff81ee06c3aff7b7157172e32714d4ab534dc8400e0,1819918
Lai148_Price929_f7641b5a-df6e-200a-fd11-c5d928ff03a6.json,4ce126f014205c3866343c31e4c7fb5c5f7af46cf1429b40764c61b7ababb11f,3158714
Laine739_Loni302_Torp761_1b203af4-290e-5184-4cc5-abef5b5764ad.json,29014e14df7deb19f8b8f270f76557349fae1c96a2a8a5e487f4a5879469866c,3168182
Lakesha141_Krishna674_Kautzer186_37880a8f-7419-aa4a-c59f-fe51c956c13e.json,0a3460bde389dcdab4776dfa638dd27e677bf3c661153e082e89d10506c88379,10703293
Lala778_Schoen8_7090911c-815a-8b20-ac70-7f66302bd574.json,f599161c3c44f52144316c7d138971a8001e97fbce380fec151af48a6e604833,1255001
Lamar193_Upton904_c0cee520-5e5b-fccc-d091-5b0e528efdc9.json,67b18344c03fa39289a47325081102966dc0a7978c7605d54619938f278027e1,1153677
Landon622_Gusikowski974_cd27c35e-3838-2745-e253-b3ba8a1e964c.json,dbd060c1de275e644b66620e9e3be841644f6f5d2fe7bcc9b8cc8e10bf057732,3464370
Larita511_Emiko501_Schamberger479_1ca1c903-f474-d565-c500-56b2ceee443b.json,7f4d88390ae08c9209545b03f28ecc289e4d7774bbc4dbf2e2d9e15e7b3c7336,2412655
Launa267_Reilly981_e69020cc-edfa-b575-66a9-30df9e83e1ec.json,05156351f9b391cd15170c65846bfef9fc465a86b22b0ab141e455660ebbcf2e,3766782
Lauran65_Phylicia571_Casper496_bee98767-2f49-903f-2d5a-d3554d220ca1.json,5b2961647ee71af2fb9880a89c8552db0574871525815d6a4b5a3b47cd42bdac,2546100
Lauren941_Pollich983_4de8197b-87ed-b33c-82e9-939807a00a2d.json,352f407a2d25f914b46b27bea0029ce700a6bd45292394ec0f3b1b6f5ce05c5c,1937188
Laurinda852_Hahn503_ae6f9562-f1dc-7d15-80cc-de93adab52c2.json,6fa3bbf64e97bf87e4f1b0b7d987d055ed00598f6cda9764b939216591ab244e,2049303
Laverne101_Herzog843_e8d41a19-9ab0-6af6-ec2c-c8d3d0387bbf.json,f566f9eb195eb1eecbb3bbabdedce8e9783c185bfa58a0baed1059c7d0ad758d,2566073
Lawrence741_Wisoky380_667c3c2d-4551-0327-485c-bd85e5e9fbb7.json,7e1a0016bd1d3141e2bec10ec93eaba291fa39442869df35970f26da91d77417,1147983
Lazaro919_Walsh511_c3f71876-086d-d95e-b170-366551719721.json,30fd610c7425bde921fdf4f05a8a0e9aaae96ee5229bf57e7c2d29655ee85711,2018658
Lean294_Hermann103_7135cab1-4d1f-05e0-7041-1f437fa2a34b.json,beda7f689bf7fed7b3e575f23ae0e94ff7edb52781b35fcd0f72e32a584dbcdb,1510440
Leatha675_Minh326_Haag279_f65917e8-5840-158a-c2c1-d00ae1a6b9b1.json,f2b69aa37977ae6e8bd3f80eb74e245b408d96ef375d7f394ecd753e23fe83b0,2176917
Leeanne840_Willms744_64910a1e-90fc-dfee-29e5-97f86a6be660.json,8362484aa88347dcc986339d87842b96621135020789adf32779648de3e3afd2,3046575
Lelah386_Hyatt152_8b28039b-9ecb-14f7-1493-1c87bfe10855.json,f92bdad3283ce789c9121ed73ed9ec34b665b6c313893ff3d5bd282bdf643fd8,9957115
Leo278_Maggio310_0600dbc3-0be0-88ee-f759-92b3e8b13fb6.json,775785f19e5bfa21846c224e816d008eb636ae8ddc0dd30e470312ed1f0a9ccf,1337210
Leo278_Romaguera67_81c7e8fd-6879-a07b-7b2d-e286f427ea37.json,5e9cb61fd26fd916092da0bc5564a8d9f85ef33c52702492785cb4c214056a34,4757747
Leonel449_Wisoky380_4b7dbb2d-7700-9282-af9a-97ad2f9a0b6f.json,db48588b5407f419c2a0ea09b3ce00888477920c596d8d2da0ecff4be51bb1a6,3141478
Lesley194_Connelly992_ba78623c-3003-bfb2-aa9f-db34def12f80.json,6540716b1968ef300e64865fffd6d2d459fd5e9caa4b8fa9b6c48b3bbe7eef2c,1024414
Lesli455_Goldner995_88e24f16-78a3-6ff2-9bf6-b5131a17e1b5.json,cb185a0dfda1a8f0ea8a10896b41f85ef72356b140deab4c31499c61c6233997,1677756
Leslie90_Bergstrom287_a7574b3b-a37a-243e-783c-72f4fae0bbc9.json,05607b74e5a90fced94b4f59bde9cb33c8bf3272ce07766a18a970a0d84ffdc5,2521090
Leslie90_Nikolaus26_8e11ef39-3ac8-f6ef-8da6-651fa58c8ea3.json,b25b16b496f0e6ca85ce04c72729aee7f91dd94cb2d8a6e2b5b891249742b286,1440434
Leticia253_Menéndez746_a84330bb-c2b4-102a-fc0c-e0fe4bd4a68b.json,b590826b725c1de43abd8926f07ea0fdd3820716779b4a154211707586c8daa3,3231629
Levi940_Abbott774_a81ac007-b80c-ad81-7317-bdc46a57b421.json,a4d69259685a2f3e7926d642efabe21981d7d61a88c22b40a40e70cf8ddaa7d2,2532452
Levi940_Wilderman619_96a807e2-0504-b50d-3c7a-d691d66ca218.json,f27c20a19b2f3476ba0dded3bceb6e35edc76cd17a01f3f15304874eb90b77ce,2956038
Lezlie553_Griselda377_Mueller846_8ddfd245-750f-8c5c-af5f-15ce76af2969.json,faf3445a776621f8cb0a1e3357077226fd3c38bda276685e016a814fd6ed7bb1,5351351
Lezlie553_Natasha268_Gulgowski816_01d1ae9c-be1b-afa8-b697-d2b45e3b403f.json,4049cb071d3e0422d362f895a749ee248d849b31913e0fbef14ae15080d8398e,5477331
Lili474_Parisian75_0ac7e0a5-049a-213e-b741-2533dc439eba.json,742f58d36b2aa86b67d4bab9f26a7bd7d209469ce983ed37892b6a180e880584,38012428
Liliana922_Orn563_fa30ed33-1a45-997f-cdb0-8c7105eca182.json,346e0cdf9b424c73304bd4d619a6c15a0f1e50679cac54bd36721368e4069629,2525931
Lilliana632_Ashlee14_Torphy630_a60527a8-a633-c3aa-1265-06491490c6d2.json,87c2192aa669cd058ab3f606e4a58ff1ca6d2fbf5affae7983c4b2c35ae2562a,2723270
Loise968_Laveta191_Conn188_54c76bad-d6f2-48c0-d47b-a993c9ea1386.json,b827524ceebf5d902374598b0c15eeb23d8d79df2207867914db1a6275c24f47,3889765
Lorenza655_May125_Hermann103_781465b6-1908-10df-34e1-f8b4e527bc16.json,5448a966d39d444d7c7c3be5ec1cff21b94d120000c83fa33d14ed64e190597f,3637728
Lorenzo669_VonRueden376_e790d37e-d213-e04f-9c67-3accf9c5031e.json,ac6740f558bf95d1678916feed403166efad271a9d470afac9fa5ba44f549062,5163956
Lory442_Ellis535_Tromp100_1662b894-db8c-59f3-ca7a-7dd5864ca7a7.json,00f3ee5227dec701141ba91d45469621fb4f4b0750ce7fcaa8c3a1694f889b0c,26234289
Lottie401_Parisian75_6573350e-0dfa-2671-6625-9c348ba59374.json,750d2071ce97651631ab2879411874744807f72325681246adbf122f756f84aa,14593393
Lou594_Reichert620_ddca7c7a-4f3d-8be8-91da-b4c7bf85a90c.json,dc60e8d5a26305c3c80e02f2c62fe19abbcb1ad458970dba5ae7deec9ecf896b,1161161
Lu473_Mills423_239d6a91-81fa-dcc6-4dfe-d09be55e0a36.json,14bd80baadf03d4775095bb0d4d90657c3d7a070f5f37fb985db3927930f4b00,1457409
Luanne915_Gladys682_Wuckert783_554000ce-00c8-dfd0-3521-6678c90c7713.json,d5b3b85fdda8cf043fc530c3f1dbd01d997f7fa1fd8e3e5b676a16e42d920022,5326451
Luis923_Johnston597_6d393f76-c9c0-1794-f556-a3fd282ae48f.json,af0be32d02e2d12f8bb69ae1d77618b7bfdd0a34925389a6cef22fe2ee1f60cb,9754720
Luisa710_Natalia964_Lomeli256_9b51cdee-c6fc-a37a-9b4a-91516e0c822a.json,be083e5697264fe704e1d580adb2fa88eba05dffbb743e993dc067014097bb21,62878428
Lurlene215_Clarice719_Mosciski958_52ef79b7-5915-d8a8-5398-61d7efc2e6af.json,f60a32149f2a752624ffa199161244974ccc24f24ef57131b8a03fb73dfb8f49,4182888
Lurline371_Sawayn19_b540aadb-3680-6112-0a01-ae0f3417a087.json,b9b534c4ef99413247a22b59aba580a0f9d15486b189906156011359e975a832,2639460
Luther918_Kilback373_b13c4866-ca30-6683-b655-7af0cc31f4e8.json,a902de821c66f26454f3100696a87b9263e3db1add2b9af4978e73fc760c87cc,2377145
Luther918_Sporer811_55f397ca-056d-e87c-776a-bae5409c34bc.json,78dbd19fe44228fae3c8d31f6a082fbaa62f05a5944eed763af8ca07a4706d81,1370501
Lydia759_Ima629_Smith67_8f33048a-181d-effa-7017-35ed5bcf96d8.json,e7ab22adc53246ae7f756727ca57ed673526d5b2c5cbac42a24fca6706388033,4433988
Lyle846_Hilll811_69be2004-fee7-e16d-da17-c8048f0129af.json,86653fc4c2ec0fe17728defb90e5b59df98a9cc70f6dbecdc86dc310aa2a039a,1147774
Lyle846_Langworth352_439e3fc2-069c-c27c-bb14-714aedb2b05f.json,41c2965df0c89e2a821732d74e128f45753ef19dd5722510f16a7f11308a6d03,2801566
Mack300_Schuster709_75c91a89-af09-1d66-fc52-a3614d298548.json,2b5f0ffbccd548c3f6612caeb5ce01a4a0b665c71640197be715d8331fcda478,1826114
Madeline975_Gibson10_9402452a-9844-3976-8890-5ffb7977fb63.json,82452608be20307e3ff32865ede76fcb6e116a3f48cc212935ad3ab96c1293a2,2447554
Madie300_Predovic534_a75ece94-b575-a0c7-f2f9-0bae40a650d3.json,5c92a1f932e45e024717d97bcfd6c1cea48a0a9d02e23ebe8e2d6446550188d6,4001438
Magdalena964_Connelly992_57a4e0a2-892f-01f5-778b-db5cd24a6bcd.json,195472f5d59d9ff7298a17ca51b582790a0c2be1b74614c18435e392d8a23b5a,2039526
Maida946_Bartoletti50_8bc94087-ab26-aaec-c448-8c016a1567fc.json,8964b8945898542a74c9cf58a7e2a48e16f59c38701fabebd5e544afe12e9105,1318880
Maisie206_Octavia629_Gorczany269_91b4e250-d3cb-c15f-f155-853277626129.json,9e5d6d9a1897e5227142c39b2b8c8b58d69c43917c0c6a766b6eca933f869e87,3139647
Maisie206_Sean831_Hartmann983_31374975-7835-fbc1-2348-6f9c49bbff2d.json,5ab21a8c7cc5145d27003aceeb93c77ceccb8508726a3111753e707cbd294bb4,1735023
Maisie206_Will178_839ab881-47c1-4656-1ee6-226dc6a1e2b6.json,c2192fba3ee98ce038ceeb96406905f1b8e1aed7e0d973faa1aa8f6e4cc1063c,2916390
Malcolm243_Davis923_50c730e1-fcea-aebb-e927-312ca5d5e714.json,dc2a9de1e66845dc5771e05daab2fd8e346fa62db56ff7a156d1268cea69edce,4473534
Malcolm243_Metz686_ad590342-4028-13d8-ae78-8f78dea64cd0.json,fb313c47d67e4204bd00ee1c8e3bc57a274d31c4e9cca20c2c90a57a46e7ad7f,5230202
Mamie949_Flatley871_baec1050-3de0-9cb8-cd0c-1b2eca1f99ab.json,4163837a2d771ec6ecae95c191bc4602c757e1efbef56856c30a6d933be56d9b,2210564
Manuel446_Ferry570_738a5054-3b8c-7965-ad1d-fec6bfa77c57.json,799f41d543690484645fb9acb0d87d01a2409676493c7d33a148016696d258c7,933762
Marcellus830_VonRueden376_0caf9d3d-5cc1-daac-b735-9cac1430b820.json,2fe40edaef4428dc49b8f689da1b1d7570c7c09c9b5f180eb4a7a4128b3de6d0,1599607
Marcellus830_Williamson769_83f39338-7d31-0e72-539d-6e6ff5f5c2bd.json,f36554bc0d2050d28a6e0c2ddbf2eb849a4255fbd9441145e30131fd2d5f6660,1629100
Marcelo725_Schoen8_eb654ca2-68a4-91ae-fab8-30c984e529b8.json,348c10dfba465b3d0917e4b45ed6321ba1b195d560dfa2e3fa71a6088e2f02ab,10371796
Margaretta466_Rowe323_8fe82d8e-b573-9f23-d096-3ac6cae44f08.json,0a0916269745250652cae7b6ba723095a50f5356e859aeed4162404c3fac509a,1402875
Mari763_Langworth352_10697cb9-9e26-d1c7-48b9-e753977d9b01.json,3e2172d2556084761ea77091939d094a75eee87e3548ad5cbdbc75b0b2459877,2574536
Mariano761_Bayer639_5ba85fd6-cea5-a91f-7477-a8aace538967.json,047524c218840b07e5ad7affaa92919b979159b1435b35f2aa071fb774756abb,12897448
Mariano761_Kozey370_495faddd-1f4a-156a-2dde-ff5fe196f1d5.json,757058b4235099f7193d82d2a241613a202477525d691377fd32eb19b48931df,734919
Maribel82_Bahringer146_a6650ed3-f9f6-842c-ef66-3e6b37722bfc.json,b3d1f23b0699f57610e95b975a599fe26c22f75083b856f606e8d27208f30a55,806169
Marica887_Evia329_Toy286_d6768354-2117-71e5-a458-cc6e3e8cd9e9.json,f28385fa6ccc1f3f7e3cf3345a12c0ebd492501ce6976c5009c8706de4409578,3363889
Marilynn608_Marhta321_McDermott739_784c0d27-7d7b-3778-4fed-8c27f21a886a.json,3f3c82c800f852416ddf840ce864946adf475f295ff8a985de52823182b8df37,1844537
Maris768_Powlowski563_a3e8344e-5c63-465d-a3c5-7707790dc407.json,0328cc5d5c80bc9a5dc144a5a194a50a7cf89e7a7bf5a64867c2a350829610c4,3149320
Marquita692_Dietrich576_ed70a6af-baef-8594-7320-f35d0807c63b.json,a011c988812a1d5227711335edfed8966f6fd9ea7afaff80f3aa44bdac504386,2411985
Marybeth994_Shizuko29_Bayer639_257f952e-f6fe-cd8e-2a61-511419883aad.json,b797e597b55cd53e71b6c6e924fa340b75aa7ff14ddfb55213e43ba6cf6f921c,3544974
Maryetta775_Daugherty69_72fa2529-a9be-60a7-ad08-2ec917e71a62.json,bfb9e5346d5b5b472e9f5bc111a73d60001e60ccce1ff88e4599e02e9e378b33,1732714
Maryetta775_Vandervort697_059d4a5e-7869-65af-a13d-e49f65e626ee.json,f6b5ce5f2035c02a047aed47475aa022bd5c5cdf2f754a67536e52f0d7e533f5,4263642
Marylee823_Palma671_Mohr916_6a07a456-916a-8682-516e-40512c9c6da5.json,a564b3e38ee5955ba6a408ea1b867f218b53ac41b5bf2f369efe1712a3ab09d8,5454846
María_Elena653_Tejada731_9b21e371-1813-4ea7-3ec8-fb9149ca7626.json,b3726410c2fb18c75fc50bc066629be9a6c1298be858f67b5cbf12815f1c2488,25713791
María_Eugenia578_Correa904_b2d872bd-d647-837e-efd9-d0af2742b8f8.json,4a73204ca0eb64131d54371c8bf3b7b4997640e956ac8d758f1cb2dcf198725c,2132489
María_Teresa440_Manuela585_Granados71_6744a9df-e5a5-d699-21f9-3b7c4b28700b.json,c81f48aaeeae90c4fc3c3ed63d1214c48016e8bd9de91cc9355fcd6a9425aa54,1699096
Mathew182_Runolfsdottir785_7844a0cb-c6b6-e5be-f90f-6e7204265460.json,d6a8d6218748e780e62e2c5a94489e89d9e07f36425972f6ae796e2cfce7b7e6,2922798
Matt836_Lynch190_7cca5ca4-e00f-1e5a-ba17-d125d374213a.json,0d9db03bed6069f5987b6e424105fd138bf71e79f40499811762b8fa3c742541,2512805
Mauro926_Hills818_78c3f414-ac41-ac73-b6a5-075ecfba0fd6.json,c41ca46d3e88ddd9279f035a69187d1e7749f2f431f812fd5c25c568a596938a,1713738
Mauro926_Vandervort697_a4035846-02e7-924d-2bee-d79063fe5d6e.json,6c0058e3525256a8832e195bf28387d0876477575abd73e3a00c8c8f357c3084,3274654
Maynard46_McLaughlin530_80eac93c-d1c5-27c1-bf73-5139f95d5bdc.json,5945a6c0484738e24128ed3b6f439a9a31d77104ccf9b75dbdbd9469ef1e99d4,638392
Mayola305_Fahey393_5af9cce9-1154-d631-4690-c8a0a5d7a78e.json,f036cfa21dce27a3c5f7a42fc0260100acf196167874881a92d51f3a62618ced,3023903
Mayte822_Rojas511_c50d04a0-f56c-5fcd-23b3-614156090f58.json,d79e9e095b5aed1644dfa6ef039140f59514eba46884b79e9fa416160198644f,2460494
Mel236_Carroll471_c720759f-a288-fa5c-1892-ca34ef5f92ac.json,0736eafe0fcf3822299c22b8b6c6f69d2329246f3cb4df9d1d4b0380ff0b5fd1,1500236
Melisa53_Hessel84_622655a0-c107-94d1-fe07-63fc26842c4c.json,e515cb5f337bcb041676c42400a89460541e5ba33523b9282fc3a9b10c308bf3,322135
Melvin857_Auer97_20860f95-acb0-28ce-a8f8-efbc5435b132.json,7a71b0a2094ad6c8d61b495875f04e77c47cac33599c3a2051311bf801ff8361,3725829
Meridith488_Lakin515_498a0f2a-ecb8-cc07-69e6-85e1b40505a5.json,80a6bba75587b535054dfdba92f73e87bdcca20deccb687761017376549799ad,1714017
Mervin111_Hartmann983_064365ed-a0a2-0fe1-c7d9-be681e998b5f.json,edc860210ab948b321ffcf8e466570a8a8b5322c1b6c588df5e74835ea38e7da,4989263
Michael441_Grady603_12dc0d0e-b4e2-4a49-f2d3-5ad56cf84a6f.json,0d6320644e286ce552f6006dcebc0dc2aa2dd0ca07a5985b469169a423e43616,3665230
Michaela318_Mohr916_cfc4c092-e24e-40eb-3c61-1e0efab009a1.json,280ad9666a790985663f08747f793e9206ae4c02801470c2bcad48115ddb4d3b,2480696
Michale231_Kunde533_54e529f8-b905-5e58-3654-131d0b7636e2.json,943403ca574b43c1411e1551408cdf492b1063c49df2e81b6cc0324a48d8deb0,3536694
Michel472_Kreiger457_431f5d59-bc65-6c92-5f20-ae66027056ed.json,4a38b69f7f19aadd7c0fb49f821fe4ed19c9a81f97be3200ff7e98d8a6d7c414,1260352
Mickey576_Howe413_2636f03a-abf3-8094-f3b2-73fbee3f7707.json,b6ba1348fdde36e7e378165f2b8cb5e1cce630f716ebfb4502bd9850f2583da9,998709
Mickey576_Runolfsson901_5d0cb2b1-1945-084f-2321-24fc339f5a55.json,ae4516d53e60500af2c1636729cde6b1316630875f8a104b3e180668efbcd41f,3569381
Millard193_Flatley871_e9d2f1d9-7ec6-883f-3016-dd4bef8ebd94.json,94b469ca2a303fd33f97b2fa619de0ceb37b78edaa383b6565384a86ae1345df,5480875
Minda79_Maxine796_Murphy561_cb747073-a145-bbec-4c9d-92383054417e.json,c9562f35dd2233ebca492f00858fd64e7b9a2777113e659d2d42062a9ef9148e,4913379
Miquel905_Walker122_264f5f6d-5e8a-d429-3372-bea0b6ed0529.json,d68e0ab7b2acbfd1c625493b041889035353fcbf8800adbd3e2c8dc9600ff8ef,3811931
Mireya881_Friesen796_5ba49b4a-ed1f-7608-f6b3-221768980eeb.json,36b70150226258b3dd58ca8c253301ab3482f734b624cfa2042519fa1c0aef10,2313914
Mitchell808_Stark857_e3898eed-1a15-699e-fb0b-bccd7090a7c4.json,55c7ea333cf1ad01a9a13b952ce448e2acfb7860d3df77a07890c395173d9f59,1725927
Mohammad578_Jaskolski867_5a4ddc62-4d53-710a-2e52-95b0b97a231a.json,f818e9a4a3543367853cad36d68931f06899a6210616686fb8a28b2b83e8d195,1555195
Monica757_Williamson769_b858df01-e682-58e5-0d23-a2d3e73fbfa3.json,3aea3961281909043414923cafe0ce4f7a14861abf556f465b4bb098d1c53251,2676684
Monroe732_Lang846_1a51384d-1699-1e65-7c60-dfb3528dc3bd.json,747d2614b149101582e6de0182aa610106d585e4b52855109eb93c5cd9d3e78b,2086459
Monty345_Parisian75_591e80a2-8885-0dfb-b3f4-e022b3297c62.json,f023f1c3304db8971ea43eff8b8441b66e0f0d68662d4709db29f9624b8ebd45,1201961
Morgan564_Raynor401_48f6bee6-4128-a40f-1dc5-90e4375c89d3.json,a79b6dade095b03efc8061c380bfac8a113f496e20b551d8b6cebd2901bb7ed9,978558
Morris740_Kemmer137_46bf9027-5d2d-a707-45d4-76e3c5a54636.json,125ecffc7f15492258c12e7bad13c1ffe09c8e86aba518bd9b23a6c2d473f55a,1153438
Moses679_Ortiz186_c0b49924-7810-29ef-c971-02d175d7bd50.json,f4dfa3f595f0c44e0111abf66467d4ce4c3d46351fad5ad87c8c281038277a6d,461317
Murray856_Cruickshank494_516f54f0-6c01-e710-8f26-29a1d28f05cd.json,fa556b3bcebc19110ff0e1662b67dc0ca6567340a48b385aa3c7394f365a0f1b,3445946
Myung778_Johnson679_2be1d412-eca7-a732-7523-31c5d9c4642f.json,7de94363414af8a824be4a2c66b0290233b228ad32cf94a2e02101e492b8dbc2,3347427
Napoleon578_Koss676_1e81e562-bdd0-87b0-b2c6-fd86e084584d.json,773f70ab8182819b73136d7a96030652a643d9699357cba67037545405a805e1,1395335
Narcisa997_Miller503_baa02fef-889f-60ea-54ee-2561bedee8d5.json,88f6dd904a6bb7e99e34162138e202b3cc21db079bb70868ff4b9823a521c88e,3333869
Neta452_Kallie862_Powlowski563_a5d236b4-a515-f289-cad3-24ae1b811769.json,5635fb0c3ec834efc0855232565a7ef0ae5df5624891ab27253f96c634ba84e2,2645515
Ngoc221_Halvorson124_8c06d93d-5d41-24dc-dddb-587011133b0c.json,f21715f9f2ec201656ce8fbd681c64b91e98d6b7189a41fc18193118d49bd718,2310699
Nick779_Greenfelder433_4c502c6e-92c9-8c83-2760-6b21c1d2f7fd.json,a1bef4ab835e82854ee92fe7e3eb112e7a9008f4aec3a4a999c0b3e15fe1e646,3271308
Nicky270_Bailey598_af47bac4-40f1-a7d9-a5c6-5ada7ecc523e.json,865180b93712328ec99d3a15840ac2ff9ce9edd2671fa8590fec990664402ab0,2298519
Nicolas769_Towne435_ff4397e7-65df-96ec-6ffc-c9c27ac7fe5c.json,9dd25fb9297812f1fb67064abe9f9587ae797ed9ab1b325e1dd1eef83128ef8e,36853742
Niesha86_Micki733_Beier427_73794c70-7ffb-0b15-45f2-89cdf08502a8.json,0cdc49dd2a41c8a5c24533da27cd1bd6582b44abd7dfd35efe769da54082be8e,2767837
Noah480_Bernhard322_49a1b3ad-49e9-02d7-6bb2-847f1173f48a.json,9060dce491f6d51a16f2fa74c255284b70dd74185f0ccdcd1374272f5455e5cb,1740109
Noah480_Huel628_2a1d85b1-67ca-9b29-4089-387c281886e8.json,ad5dc571a524e1c75b83e8cc50be8958a0a2e5734909c0bc5a7a95d6a59d6ce3,2865668
Noah480_Nienow652_3c6b7689-eab7-b7cd-e287-a3663b849caf.json,747ca7ef67b55e12deefb6f77fcfc8c99cd600678e7bc4d87268a921f8d7d75e,2846948
Noble66_Will178_c877a67a-3d7b-a8b7-212e-8fdbd565f99a.json,43eac96b00f6be6185e80557ae79492a690bd06b71db687d19de425b1a693874,2457717
Noel608_Moen819_45eef4c7-d6bf-3546-36ee-c2025e72d6e9.json,d3e8636f158465ddca919697062c27be1466453c9fee6d457e50989a916708ec,2621660
Noella563_Yael855_Gislason620_fa5589df-8b84-b5a4-1871-38dacda0f2e6.json,ff3c91c85dc8c8fcacd64c403ed2d8782e614498bd71e88a64426286d78fc923,3266280
Norma469_Serrano248_3e2b5dc3-e36e-7cb4-d40c-200b6d68c52a.json,7c229aeecea84e1f20614ff17cee29aef99de2e6174951289745eea50e1c644e,506049
Nova124_Kiehn525_b180ae2e-febd-087c-eb33-217eeeaf16b7.json,f1fba46177a41d0b67e7183ce06b99e96af11f3f0b2c3884bd25b08926eea68f,1259131
Numbers230_Zboncak558_3831e837-7e78-0775-5472-7db89d67ba85.json,595678cc3d9d527d63311f0b60a7c010c1e9f5d2d3b4ece6c49eaa875aa231cb,1989724
Odell776_Emard19_d2bb4ad7-a6e2-1a93-d206-1227ac0b99df.json,003c0bc1934c2ff1661a0a9063d9fb4cefc454065046b5d0b9bd7e990c2442cc,1204954
Odell776_Feil794_eccb40a1-7363-5595-0d6a-7d1a4b4722dd.json,4b033d6eae6c2dd3a3e98a4fa48a3e4926473c7f8fa23f0a36a67c9ce798ba8a,1014815
Olin642_Lesch175_15c4d34d-e677-c175-6bdf-21f270be3c98.json,56f1f526e33de04e60439b11e2f84c23dc3bcc364be652084d255ca9e3581160,2916293
Olivia294_Virginia437_Menéndez746_a720cdb9-a726-c2b3-4f0f-2f245a67b818.json,4bd335181c434aca600efd9b89753bc9fcec779c724c2fee63bc3dff2df7440a,4380276
Omer483_Kilback373_f44affd5-9cdf-521e-497d-0555fd52d98d.json,11043f6450c801f5b6b82c89cc441e38a6691c8fe9b9efe9deb6745ae150a450,3832948
Oralia106_Weimann465_df3584c7-131d-e0e5-61a9-cac58e73f813.json,5ed6165b8b2b1440c3e537457637f99846d708ca8484bd50126ae502f069cb8c,1340182
Osvaldo336_Hermann103_3b302cba-42de-c636-0d2c-9504d0e425ac.json,e816eb7cbac58658f0d835fb44a3445ff6634f6bc1d4ec1d10c037e89ac8d330,848590
Otto672_Raynor401_dc31a129-9e60-4a10-80dc-95e7d867444d.json,70fbfdb60baaffb2a54f89577aab97f57caa4d4f6282b33edb9dc5ec495d0e22,3250203
Pamula578_Sharon747_Kertzmann286_ce310726-ee65-2c96-7c71-a717c07b1816.json,9d27ed151885ec7dd3ca64ad04296e40e23b19ed1816e3e3fd5776f09e24da75,3380578
Patrick786_Lebsack687_302d972f-cdff-3c33-6ec3-0afdb6c1a6ab.json,3ca5e558d26a52c37a4cac92a23b81211686820e3049c8597ad5a52f8bc9f61e,1950060
Patty600_Ullrich385_1b9292ca-7868-319c-dbc0-4a4a42024d7b.json,38d4c974983640a1ce2eae10b6b6dd67052854472579a6d840c5584ca9a8f342,2627368
Pedro316_Pacheco179_cf2785f3-07c0-9710-b3c5-6d51a13b62f2.json,ffcf97e4949ec327089930175397a59d879a2753393f534dd3569ce22eb4230e,2471018
Percy315_Romaguera67_5c95b198-c967-57b4-a54f-14d9bdb4eb98.json,5d0c8c61c54f5e0c8a54bdd0e80c2aa0632722c165ecf5b78de01a6a8200018d,1887241
Perry780_Ondricka197_97fc67e8-fdf5-1d92-8fe8-8dc238eb4663.json,13b6a9d8ee2ab433e3b89b627a917235ac97aa72d51d2ecee8ffde08b0dbfc0c,2544342
Phebe144_Rachael540_Mitchell808_512b9943-2b91-1422-a94f-f2f4728d2526.json,3b5d290e8d461c71f6148b5d79e04ec2d83535a9b2b0f3a013b7d6894578383f,2357814
Porfirio146_Deckow585_bd4d9dd6-859d-2434-1016-ecffc7327409.json,c612fa087f13de83000825f1eba6264c7927da87bb63c53e2a47305595b2dd6a,823162
practitionerInformation1791182662567.json,1c6e91ee854cf78f46ff11116abcbb5664dbaeb335867c57f319bc4c93f78fd3,2230390
Preston275_Franecki195_ec10962e-23ce-07db-4c7b-10e8a2d084c3.json,c0ed9274364d0298e4bbaf3a4d7e3d209b8bcd87c8854ec0d537a2058c49d741,1264472
Preston275_Heidenreich818_c541b57e-7897-95a6-08ce-be65d7c87200.json,cb17f40f87027586043f2af395b3d48312ca96d2c19d3467d808757c7e70b4c2,3416783
Quinton758_Kris249_aef30b80-a6fe-a817-4b71-19687c6e3fd6.json,24ee33bd8edc00dbdebcb82d0bcf681f7d2dad2db4e9afbbac7f28e4e2f9200c,3480217
Raguel228_Anette189_Kilback373_067fb925-96d1-9144-db18-bffc5c2e576f.json,facb9e907331812e541ca85c151dbbff2b66227ea8c545da3134eee56c794e98,1462243
Raleigh478_Sporer811_10e7ebad-d52b-70a7-3e76-8407534921ca.json,0e45adef6a65ba0a15a3d37037b1978ed5de6798e0e9c9da2ffdd6918d20e21e,3612319
Ramona980_Alicia629_Angulo494_752e5bb7-8850-7a55-06a5-12a52df9cf2a.json,68a2d8ae0af6cfafde353c07ceb075cf04e900c1469a0d42eb1fa3b45e57885a,2713820
Ramona980_Casillas702_731701e5-7e33-9e27-3235-115e4dce6694.json,5282c5153b7bc65b50622abceddd867dda1b0887d61b0dca6bfae4e92c214990,3034760
Raphael767_Koepp521_b5280785-d647-1ee7-6c20-a175bd717aed.json,a58a4cf26e0e9b57416251489ea206ad09507a115dcb7ce7afb0c60d036ea456,857383
Rayford811_Nicolas769_2fde87fc-9a99-b25c-f6b0-c93d1e161b77.json,9373e6545a276e45971750cc106caf166cab099d52800e6dafa32e5d6a324add,3841906
Rayford811_Padberg411_4887db4a-ef42-70d0-86b6-ff5786ac381f.json,8441641306e3c29790134ff3e7d81cfe4c8ffee5ad62574ade2957355c47794a,1980553
Raymon366_Goodwin327_001cc5e4-71a3-8e4c-507c-d39178b49be8.json,f7ff3c29acc2ff642ac21741a7da420323f41331945173d43a3487b004134cc8,2885128
Refugio197_Wilkinson796_a303d83e-435d-643a-948a-6b38e7b47dcb.json,5ccc8b589f0e3ed6631589013e1b7b86ac5e1bc2116f93f973224aa0c1461c7a,5193467
Reid278_Hintz995_40ed4e1e-a737-adbd-fed7-d4e53e621ff5.json,af7217724c39cf9f4d29083b653f6f6d788dca6c46b18ec53512b4386be64fa6,2954771
Reid278_Kohler843_6a06d359-dfc7-2c49-0b75-9cb3921b6f61.json,4f903191548b5e991192d87c97826b0808d4dd904c21971cdb839d75263c590c,1105642
Reta616_Wolf938_fe41bcd1-7d5f-b3c1-8e6c-6b5fc94cf271.json,ed10f7fa337651b2d4aef9b93e7c13fca4a27ed7e8e3290ff5871e191d0c5177,2265463
Rex53_Boehm581_149a15df-0554-94ca-76f8-4ae56c6b11e0.json,8572ba0937cb55ae2e0efcf54c6bc8f4e5cb3cd45f0bbdbd5de2ac0e76aadf37,3010548
Richard937_Becker968_0789df74-0c6d-0623-f754-879dd7a47c0e.json,64bec74f5e675b4456027541fa95c4fe8fb649aa591c98b5e807d852cf786348,2303167
Richie600_Wisoky380_7e97f6bb-c5c2-2fba-e27c-df1eb1aff0de.json,990ec959de4815f09e81cd02aaf5915b408526c5184b4eee5180f7f2e17ffce0,3616700
Robbyn526_Lisbeth69_Gottlieb798_90524748-b281-8707-539f-d8cabe8ea928.json,c7ea5da410cc3a59a69d074a147e9830e79d743bd879aa54aaa0e4a3c5e8a900,2330957
Roberta529_Andrew29_Kuhic920_f0d8e9bf-15ce-4bf9-1011-2815965af0ee.json,52c87a21d6299d68d1173bcc60a6d8aaa3f6739918dcebd6d908c006a892ca58,16484708
Rodney21_Parker433_24dfac59-b3a5-e66c-b21d-3be7e4dffd14.json,b62fd4865ccb2bd325ff540713a1cdc82ff9670450970ba8ec28c6d9cd252ab5,33163137
Rodolfo763_Flatley871_f210e2cd-0e3c-b243-a75a-0e4970ed4038.json,75ac96a37f9a2fb61f17bbdeb5e748f663ceb665644f4185df4dcdb0beded52b,1182977
Rodrick370_Schaefer657_41925f3f-1a68-cd16-9fc2-4bdd371af56b.json,4ef62a15d4a5f017c8fa5cecf16493ea705621355260d1ef7f7e8ad7a29ac19e,1091448
Rolland302_Jenkins714_508cb0d4-91c7-4406-12eb-e7f5067a149b.json,cdf05e3a057e2ac3c0464f3560ada922e0a43b57d8029ae639300ad2dd01c536,2561328
Ronni748_Douglas31_1086d651-0cc1-f8cf-cc74-760e1b1a90d9.json,f6d70edc880d1e1a0a15cfd5141c160a4b3be2f5025786cb6e24831fb28512af,1254665
Ronnie7_Boyle917_08006612-13e0-e3bd-78d2-d3ef0c9e5368.json,cc25eadc59cc440d07462ed6ca19d34b5bf7dbb468a31c7956020b4ee5c3627c,1205760
Ronny764_Shields502_8ff0cd9d-8ef0-0391-8e96-398a8a3fc967.json,556d45f672512be176b210d85a65382e59bffdc5d0a5dfbcc64ff736156f2688,4894538
Rosa195_Bartoletti50_4a82a65c-bcf3-564f-16f0-f22257d3087f.json,bf2fa83e4bea4e44ed3e9f27d6a9fc82890a2689563889248425c6ab9564bf58,888193
Rosalind66_Deadra347_Jerde200_6defb8a8-3b3c-72e6-9836-66ff76a4e5e8.json,fd7070a8d07c610cdcbc1f9eb010bb1c46d306d78a126de2700ab8ecd68d7576,3383779
Rosalinda949_Littel644_281d3976-8df2-9bc0-24a3-329cdc008ead.json,53ba554f9603ea2a6c74960f6510852dfc92f7a575cd4b2d4b6f37478f2ee0df,38426762
Rosalva540_Hillary281_Conroy74_58871483-e786-6a6d-1593-ad99ff15b907.json,fe8467d7b2a5741dc77aa8d796b1baf3b1b9c8c4b28278703fdd3aaecfd208b0,2271935
Roscoe437_Dietrich576_db47b63f-8657-8240-e3d2-95fcf56688fd.json,1bcb634e90c83df4fcf243285b5050de2eae959f8c271f39edd60e7e31567592,1135164
Roscoe437_Ritchie586_4527855c-a117-d1a4-89e7-d7f8a5915243.json,89bff0d02ded13e644de7693132b64ea0f414a930ff52adb1086bfade051d844,2653772
Rosette746_Jessika892_Emmerich580_73666ddd-50a2-372c-58dd-d8ae0a82cf35.json,a91b430627b3c6d336086153515c875c978d5ec36d19acfd248ffe672844d0b4,4693657
Roslyn469_Doyle959_a2a9c191-51ed-cae2-56b1-08943e94e498.json,33141b078bce7a5db31004b591676e8dfc8cf804d437f02284fb0d5f5d80532c,1991644
Royce974_Rice937_32d5d03a-e2f5-9aa5-f5f6-67ab5c7dcbe6.json,fefc924adb84caeaef94bcb7465b4f7bd81e8fa001cf333e98ca87566b41c17b,3879169
Ruben688_Rath779_c484b069-65ae-b9e1-f35d-18825280d5d8.json,fe884885e444481134ecf18b071f6fefed3ce1eff5a95e0ebf6579dc207313c6,3744722
Rubi442_Haley279_280fe7d9-1160-34a4-3690-4932e71bc312.json,3ae22bf9c7f7c052e27f2b73a2be368f18ea44275c4ffc6834c2fba8b77fb73c,539153
Russel238_Adams676_69a381be-cc61-5ccc-79a9-c7112ba149de.json,7018b14d4b3d6f0da922b601e0a2baa282019a6bf83b56308b6aa5c5b53d03f0,2005054
Sabine292_Price929_ea0229a9-1a82-0a6e-43e0-ef7787338b88.json,52bc0160ac0ef7772d60095f0f05e23a24322009c7d3c69a12e1cf1ae86b871f,2572802
Sachiko982_Maire384_Schinner682_3b325c4b-723b-4a9b-5a3e-1323d5398182.json,793398d010738da4d07fcefb1a3c14853fb2a6c74e782089ed10955bc93c4ca4,3988224
Sal878_Predovic534_76f0cad3-a4f4-a8b1-6588-1e227bb208bc.json,cb47bfd35339c98e9e84412de071b51d7c4efba8bfdf82fee1f078368a07a6c0,1317274
Sal878_Schuster709_901dc5c3-ba8e-95cb-153a-f8650f565b01.json,e727a06858dbc4dbf29d1365133d22eefd0c141644cb9fd387812e13a5faf414,3429432
Samara159_Caryn49_Gerhold939_fad006ec-3fa3-256a-d410-934d7204aa24.json,7de182ef4dba005e5ca1ad12d10f63208ed5aa95882bdd9c14a14acac85bef36,3268090
Sandi885_Weimann465_5bcd5e67-bda9-dae7-b1e0-20f210c83983.json,9f0f0da9bf197c323ebfea409e8d14285d4f3163aa18fd22419389da1ca7a65b,2568662
Sandy901_McClure239_65f4ec8d-218b-9190-cf27-f1f1be9a1586.json,76d01cfd97893bf555af4a13c573518ad51858a901f0a236658301590f7de0ff,3528067
Santos184_Pollich983_ecf56ed3-33e4-f48f-0f32-07aade270936.json,6d65705b568654a4bc87ddaf64780196d76a93addb88964ee64acaa79dee97d4,16803109
Saturnina961_Yi864_Christiansen251_d996c2f3-cc07-6ee7-6ede-b1f16cc49618.json,8dc73cded88f68eff1c74dfafcdd0fa06363b53a1a869240cd399fe1a3a2d2d8,2622777
Scottie437_Doloris378_Kessler503_45fea44e-c7c7-4028-d22c-77a1689a496d.json,f6ab51fc6e761a3bcdd9ee98558c7ea4f7eb01e8441cde4f4de150337da7f27f,7676772
Scottie437_Gorczany269_5b909268-8f48-ce8d-da82-29113b6b7c84.json,ee55540706a9be00d4683e852a9dc1d3a407e199550990f70543daebfee276a5,2789285
Sean831_Senger904_785cb364-3b36-774f-8bff-f1338f954e14.json,0fd80a45830b731ad5fda6dba8c6a8f3883e6a7df86c3ac63e72fc1fe36560b7,1822513
Selina302_Odilia72_Runte676_0a5e04ef-e02f-3415-51cd-6efea2a4f29f.json,d52687352bf2d355c33dc3075d0982c9daa49c4e78f6307229109c41f5cbd8ae,4409296
Sergio619_Haag279_0ac94890-61e0-572e-d274-b2698614d9ff.json,1eb720a78e40b7dfdcf209503cf89bfb346622b3a42193bae59421cf16505cfc,1515693
Seth414_Stokes453_3ce44cb4-df69-44ab-02fa-1a866b6c5407.json,1efc6516eb9f0246e953eb55c4d2e6af7afe0488873371c6d59809adba1d8e33,2722885
Seymour882_Conn188_25d7b371-5eef-1deb-af9d-dd1e11ab9c52.json,6cf6423d5763ecf893b5ab6dc72a2b34d35ba12b4ed04df37b6503d642f8ef02,2341292
Shana231_Leuschke194_a121a579-1ee5-f5e7-f923-ee423e1221af.json,75c24c7e1e87539ea98da002db47bce72189241e144c4bd2dd72ce6b20d6571b,1830680
Shanda945_Lavelle273_Hermann103_7c68ec27-ad7b-822d-57ce-dbbfc35e9951.json,cbde51b966fed904ebb5dfbe2ee8ead592748ded98fe8dff5c6855cb3bcf7752,2193850
Shanta449_Cassey386_Hoeger474_32b79933-e83c-add0-48f0-dd875f072ea2.json,8121170130c38bc6315339cbf80239218c239123beecf16b05fc5ef2a9dbc130,1825773
Shaun461_Flora200_Stracke611_2373b983-ecae-825f-72f8-c06bd53df4f0.json,813707b57efab8ef300263536aba8b188f6887bff6d6f2b06b43851f87c04645,2937253
Shaunda110_Roberts511_671887bb-8702-52bc-1caa-9e44f571f935.json,95ef5aca0bf1f6cfc1635ea83cfa5d2da536c2fb729e887cdf5141b5d048c7f8,712446
Shawn523_Hoppe518_8b05f607-c2f9-f077-6b4e-8fba65529191.json,3eee5d245bb516a27ef0f36107f0a80e114457f97e96cb1be00df16a9f2f2e98,1207347
Shawnda528_Swift555_a16eda23-b24e-5b3f-ee7e-96578b69e8cb.json,444c2b740de150c637fdf99e299246bafdb4126d9118caa92906712f7c382cf9,985117
Shayla126_Cheryl605_Treutel973_05d82f23-e25f-883c-4654-e50f9630cb94.json,d1a368521677d00bcefc702ef4ffab3860122834b3b5b95b476a63ef71c455b4,2933499
Shayne60_Von197_9eefe263-8630-dbaf-6ae5-df45848170a8.json,39f251212644825da810e1c7610cc1a6e66b32eb26fa1f3d48235c82e368ab68,11077877
Sheridan30_Latisha994_Goyette777_3bc26d88-36b8-3324-338b-818a94708f62.json,fb8ac57363f66eae429e2ed63a718f06ad2c6c9e8bccabc51ebcec8391190d1a,5011005
Sheron583_Watsica258_1dcbc350-b1c9-b055-37c8-dd471f9f4255.json,3b02b8c06223b93b6acdbeaa2ffd4168b1c707b5b0575b9a3dcb5505a784ce0b,3203953
Sherry479_Melisa53_Ernser583_921e98d1-7646-7c0d-1f2d-1dfc882534f8.json,489dcc4e6bad8971af5ba261c0b0569bdfe123757eaccb5b108244715742f56f,2980685
Sherwood961_Oberbrunner298_04d2120a-08bd-c87f-70d9-e277a0c788cb.json,4df5ff3b5285d69c71493ad93cb5aa63aa9edd8edf555b1669f1a9bcaecca5ef,33017236
Silvia880_Reséndez908_8b0fd612-c9c5-0cb1-73e4-03a368a887db.json,e48efa8300c06264afee95b875b70ee3425d7692b08cd8277856c0906ba2215b,3312597
Simon598_Gusikowski974_bd718dff-39ae-c75c-9554-95caee51833a.json,a79967b59a8a525c256d22a37235729dc88898e8eec23747e86ad7798c36f2e3,11892823
Siobhan540_Sauer652_18b46d74-f369-277f-240d-289f5cec194b.json,6d601e18f1c147de2f0786b0c1a2b2aef856ac715364fb76689b19520b2e2ab1,2346621
Spencer878_Block661_4f88ccf0-1c9a-177f-55ef-a7d3f5931275.json,71abc02c03d5f2c7faee19a8b1eeb58027c6a8d19d8055dc8b5d46fcc0d21f9e,5553822
Stanton715_O'Conner199_ab7f04e1-4167-33b1-eb0b-efe7d1a29989.json,68fbdd8af68ae167961d8c729134d38a24f0abf5e9e6e0dec3a284b9a1b9b6a5,835713
Stefan297_Waters156_de88acbf-c62b-1422-4f05-e685a0730650.json,51749abbee0e4b5b2ecdc939d1c9b8b412c30fede1b3295b020f527319724d73,3822387
Stefanie819_Sunni15_Maggio310_44f4141e-88b5-b1a8-0fa4-33160bfdf364.json,14329c64d4389824c8d013f4a35d3d04124e4aa2d031bbf023a7591c28adec01,2117249
Stephan15_Hills818_602159fd-bdf7-ea54-5025-a0597a33a076.json,8a8044485c65d6886026f36357975036f9ec4009b17b596b21a089ce204af7ab,1941809
Steve819_Brekke496_6cb35e20-a561-110f-d5ee-a4dab543167e.json,b08d971042b30dd367712aa6cb58553e892f91f0012a73ce33e00787eac84202,3012868
Stewart672_Hudson301_525780ac-18a1-1c07-6c4a-5eb3c8dbd175.json,19681dc1708120f189cf1620e30f395b27f6c0b99c837edde178d89351d8c868,2078212
Suzette512_Marlen929_Johnston597_1df1fea5-36a7-c925-195c-d03a69032e71.json,a568ad2d506eaab59f98e54a780889177b6fa6968a5e6686a4a6fc7141b78de1,1146888
Suzie388_Ebert178_fef0f194-2be9-0da1-1681-12e92a04743a.json,4b95228d4c126b4d072edaf73752e1b43594271e8a4ef849022d212f32638595,21416349
Sydney660_Balistreri607_7ee6f0db-6030-341f-6f99-def858547613.json,c4a3b2a3e0e194f05b3e26e09c23541383cacd2dd92e77b18ed3b77e2c7e154a,2681142
Sydney660_Joey457_Brekke496_b3457c4e-d098-25ff-4368-ffe9be36e512.json,5a5c70478be201588d958a1e7c98556fad9fdc15d51148de86300da26f3b19b0,8767591
Sydney660_Wiegand701_05f3d6ee-44da-fc89-25c8-b1949ddbc5f7.json,3596021b6da583976df8993ff957103ddc4fda6e61c290838298f23ab467302c,1580574
Sylvia544_Kassulke119_c0710203-a3ba-f525-2eed-992f84cf6ec7.json,0fd2bfed835302b45f98f25c0bf7bf7e5d6f1fa10c385772d64e7d0a694bbb1c,2910941
Tambra47_Solange45_Walter473_5d28925b-04da-3d59-5f5f-f0134de733dd.json,13c5d42caaa6a45011a894f2e42910641ab49eea81608759e0cb9071207eea4b,2103002
Taylor21_Kassulke119_e41f99a2-5a0f-abd9-dbc5-c7e4124107e6.json,704d31850546a1ec6f1bbe621acc5868207593f1fc7d0e0592a397f36c9e39de,2392311
Tera136_Powlowski563_aec7f06b-c161-7118-d705-0131ebed58a3.json,822bfdfaa6dcb45991e55079d74bb255acf36c5b2a6c93d4d8c9fef687c065b1,804110
Terrence276_Bartoletti50_e43f544c-9912-78c2-ab6b-61ffbd6230d5.json,8bc465f082ced516e22b6a4e51d79faa2d0e9be8a936b628b4eda90119e7b17c,1084080
Terrilyn343_Kshlerin58_c7aabdd3-c892-a6d5-1f71-3f2c0ef6d4e2.json,4ea1910661fa4b7d8d9426b56ed01affed7a38fa72dbc208f25631f96f0898c3,4925666
Thea616_Will178_b0378d24-9827-2eb9-d0df-584f0765f870.json,732e662876bfef133648f88f6fc1b3b87238fae2d134986519d36df44f16862f,486173
Theron432_Kuvalis369_7d40f5ce-bb04-7c84-9a1f-e975774be43d.json,7020ee3af5781715452e911efbb07bd40ee853589c83ff5c18a1b75e0e80257e,2521031
Theron432_Langosh790_e0e9f8e3-0ca7-4777-88ce-2758457c2af1.json,e23265699c7cbb228a013905a570e4abb54705515f1e2121c44d8f25d23fe3f1,5832014
Thomasina264_Schowalter414_ea668c75-cafa-da03-17bc-242099b2bb4d.json,2d37b3c0be8cf04d71d813ee10778c3ed74bd96ac75bc518581be3c859a2cff0,182588
Tia76_Kam191_Paucek755_145abce9-dbd2-99a5-5b36-f946f9bf066b.json,4f3a515fd6dc0dccacb497a6ab6f97d1fefd8946edf762dfe280914bc00cb38f,2050840
Timothy142_Ebert178_f76cdf81-2857-0fe7-6fd0-39268404b7ca.json,35d8cc8124c2602672b1cf291b6ed47e1566f1632fa8d121b67d812aac95eebb,1419730
Tinisha932_Arcelia945_Ruecker817_d8dab272-df03-c1bf-0dbf-4f163227def4.json,16ce6a53d8ca98f83d6f03d54080c15f5197d4e6d2a6f706dcd2d67173b72b16,1506195
Tony646_Johns824_4dd2a5ae-f600-0549-44d6-21274f4467a7.json,df1512300af78014cd3151173fce599fecb43d05be82fc2f00f19a5dc1867da2,1782673
Tonya123_Tashia814_White193_fdfaeb18-0f47-7cb6-a2a9-d71a37bde175.json,8766393e9ae851f5626ff4acb63c8b8eca5935a3066908dd0bfaebc13256e958,2894921
Tosha401_Sanford861_39e09b72-4ec8-2fa9-d851-c616676f07bc.json,c363aec19f224ddee2184446e00132fb5c8bb3838777c237e7e0c905f19987a6,3409027
Tracey100_Cole117_dc8cf1af-3006-be4e-eee7-17139f849c02.json,63ac47d8a2eeb51e62895789fc381c5d9de7b782000b851531ceb63459377b01,1023611
Trena506_Fran41_Shanahan202_dfbfdb48-fafa-5f2a-3ce0-5fd22fa9f84d.json,d5e2edc72bee61ee9ae39cdb2d85ac6da81d7e15b87d44fb232421996e5432d3,2241253
Truman805_Homenick806_5d38047d-45ec-3a82-ec1e-2be3befe84d7.json,e23041a5addd240a707acfe5a8b5d0d7c2adfa151f9ceba7f07e1d8e2d95486b,6602247
Truman805_Koss676_a7b6c187-d072-ffe9-c6c7-2a0bc32f3fc0.json,176ae14d741a3d3f11c24a1fc67dde12886e6373c4594cda4ec751022595e16e,2042557
Tyler508_Lynch190_8f2afb80-fce6-738c-c04f-d31a3629a8e8.json,71addc02e8cf280201083e96849f1f8e7a21fe12c68c0360052fedd0e4be273f,726008
Tyrone215_Parker433_d60596bb-855c-9a6c-0e4a-8e2bad15d3a3.json,fd1c1cceaf6f00355761d2e9f8b36b7269a5729f07b648f3998af84556d6ffe4,820310
Tyson541_Leuschke194_3793f45c-3b1c-5ab1-6a65-62132ce19689.json,303c7f9401f9c7d28225b1ff79d28498ea7d663761873bacb19cac319f6e8433,1406834
Tyson541_Simonis280_992cd9ab-784d-b115-1593-d86b2a2de816.json,2fab28dcf7115798f08728b79980024a3993dccc56ceeeebdaa0ddc897fba03e,4035441
Ulysses632_Frami345_69e8f26d-d408-7fb2-9894-d322b221cd71.json,47703038f0e873ed4c54fcdf813d100cc08ae7578441b44416553c888f31fc66,1571873
Ute382_Stroman228_2e393677-ff57-576e-2882-e25394abdf4a.json,3a11fd06f087b3aca61c0e049a5bc2c54ce3d870f707ccc168e9969ffe49b487,522651
Val761_Volkman526_247c449c-50dc-baeb-014e-9cdfe03499a1.json,1b85d0e2d3802891f63649661e9d162dd391a1b33b2d13c6f778ce9138ca9478,1388189
Valentine262_Armandina361_Armstrong51_f3d750d4-1734-72d5-b474-0920e0ffed6c.json,6eabfeb0692baa28ecb140cafffb180ed91aca4d74d18ac83a2a6d24a4d64644,3296520
Valerie954_VonRueden376_8d0f8613-b58d-8904-0ddc-6aeea9049906.json,b25c21dad47c301c496af7b47734f68b5b5351c3f31f93e3f6a290595d038999,1790750
Vallie201_Mohr916_8dd53bd4-7d28-4e25-5308-fb2508b43b01.json,7ae26cb9a33829a27dde050ea93a325129b5ee64a7b59058ab07aa83b5ae57f4,4285423
Vance413_Hauck852_5b5cd1ce-245b-9846-07a5-3b5bc9809eec.json,2b503ee4fb36071f2509d6b4b68285489722058556d9d60afd3a28e6c28b35c0,5381861
Vaughn909_Wolff180_5f3e5356-538c-3c08-a9a2-8a9bba2e28f6.json,6241498e930eb39882cb40d9282ec62e65dac0fe2dba17c6a984c95c374e50a4,1500304
Vella930_Augusta206_Klocko335_ba83fee8-5fdd-ffc9-bc56-ddf43d86a4fd.json,e0f9c014a98a24ec5168c62d394a3e50b38214442bf92964393659ec987bcfa3,3408231
Vennie613_Roob72_8e8cf77c-08e7-8bfa-3ab0-83080a87cc25.json,e2c7f365e328878836de7de96ed1404a508538d52f00fafa865c78123a80ff5e,27014115
Veronica155_Orn563_18693cbc-d646-af72-23f8-b151866754ab.json,d543e7acb8582b5f117585f2cc35739e1819b684fcc7eef947329bf98beb7bdb,2409982
Vickie113_Nader710_20b5f86e-c56c-867d-e53a-7c5d9a809f02.json,71d41041923601f1c141234faf6aabf4a16921c80b88b698910d5ed12b7fbfca,513335
Wallace647_Terry864_2f199102-8309-e6c4-7d0f-d8f61dbbb039.json,42804c703c91022a829946e2f779d16d319ef50a42d6574bcb705fcfed6c3233,1553724
Walter473_Koch169_b5e7ed14-fc36-29b1-abbc-4e7cc4ce96c7.json,d9420347671b74d67c02e9a63807d0ba59a58de0309f14f64b77f4957833f5ff,1782129
Wendi133_Hoeger474_7e72af79-7714-0fe2-9338-7103a174af93.json,b047b86d78d9fcc75de7ce2295061773dbdbf473246041ebba666ecd397bf205,1610499
Whitley172_Delora619_Gleichner915_3e74ca38-e134-b00d-6957-cf949b206d79.json,fc925bfb1c2c6d36b6686b4849afedf8bfdff9c85c3ec005d5bb387f79a24cf8,1617617
Whitney250_Rohan584_356f56d6-85e0-e1f6-aaa0-723a7efd4f46.json,7685db4e08396b267d5b82776acf25b4bb87fd4c33e4fd6b146438e5fef54752,1283630
Wilbert25_Lubowitz58_d5f69977-8d16-d363-3d98-c01de4cb92f2.json,22c1a4db71f7de34c725cb780ae1cd9106189e189524c820b1d327eda4586c8f,1744624
Wiley422_Hand679_879f0212-b4b8-05e7-e762-9c4e381fd332.json,fe92495a07f514b353366cae3e04140083c52fcbdb65c6c26457c39fe9cd2f29,1346942
Willie882_Hessel84_95e02da3-21f7-6a73-64b7-5f076601f691.json,d6586d690ef3c00596abd1086698acd6163712e9dc1a751fc048d306d702690e,3490392
Willow678_Kertzmann286_be0d1aa6-e965-4d57-01e3-e7c6d0172b0b.json,a1d52ba5d8c160d4f76c714eede438f8f5c60fb2407c10bfd912479d9a281b7f,335233
Wilmer32_Bartoletti50_637d45ee-1aa8-a8d0-9ab7-b75e16be2c47.json,a83d7799a1739167c085d3c3f4cf3e77528434e8f716d3de6a86ab5cb6731683,2180257
Wilton999_Aufderhar910_6a17abde-ddcf-ec0c-a19f-b652d253193e.json,9f0e9016e71397f5823b3512ce329d3b136c27fa80037ae8d5f942cedbadba6d,1533340
Winford225_Langworth352_5cb84a37-8ccb-2fe1-2437-d2aa154c4de2.json,711f95d9bb3324cfbe07a779462821eb96ad36e38760e965156121af4b248159,1527397
Yasmin241_Anne636_Witting912_dd30def1-e4f1-6086-d746-bd0146f39290.json,323e8ac2a2ce425bb953e42622bd752fd6d556b73b215320027a3d58ceb23c9f,2480229
Yer774_Amber507_Senger904_d2773ed1-13ed-6397-d97d-b5c2fe1802b8.json,8927af8e617c8949ea0dcbcbdcafd8fdd8609598d3ca35f6c91727d536058b2d,23685163
Yoko498_Candelaria844_Reinger292_ef393134-8e8f-5507-93a3-fd0064375dee.json,f5d26ca0cd18895167c6c9f0805290ad0a8768ece30d6800462fd7d7593ff327,3861148
Yoko498_Shanahan202_6d978a12-6c5b-c6af-1070-288593ff23fd.json,385c9c5df82788fb631f5eaf9d46248590a7718f8b920937d99c90c2c43624c5,1935668
Yong583_Farrell962_ab061c6c-836a-b1dc-63af-489872657e91.json,0b5c42ff635ae2e07447310aee2004cd832366e202d3bef24fa89f2fe1002b92,1713162
Yung349_Jaskolski867_a596f52b-f50e-e4dc-31d2-9b4a3d30e10d.json,f3dd95277d5de1a0b73a4e783a449bbde39cea644934772a8734b14f9a88318f,1044927
Yvette315_Jacobs452_3474a717-dcc0-1ff1-aa7a-430f1887396d.json,1b7ba4232deb3dd168378b2757dcbba31e664f271658b07dccace60b88550618,4035810
