Partition,TaskCode,TotalClaims,SupportedCount,ContradictedCount,PairBalance
TRAIN,S1,36180,18090,18090,1.00:1.00
TRAIN,S2,5020,2510,2510,1.00:1.00
TRAIN,S3,72562,36281,36281,1.00:1.00
TRAIN,S4,73750,36875,36875,1.00:1.00
VAL_ID,S1,10328,5164,5164,1.00:1.00
VAL_ID,S2,1702,851,851,1.00:1.00
VAL_ID,S3,21276,10638,10638,1.00:1.00
VAL_ID,S4,21702,10851,10851,1.00:1.00
VAL_OOD,S1,3450,1725,1725,1.00:1.00
VAL_OOD,S2,582,291,291,1.00:1.00
VAL_OOD,S3,7252,3626,3626,1.00:1.00
VAL_OOD,S4,7290,3645,3645,1.00:1.00
