split,task_code,sentinel,accuracy,balanced_accuracy,auc,auc_ci_low,auc_ci_high,status
VAL-ID,OVERALL,L1_METADATA_FORM,0.5000,0.5000,0.5003,0.4839,0.5149,PASS
VAL-ID,OVERALL,L2_LEXICAL_BAG_OF_WORDS,0.5328,0.5328,0.5402,0.5275,0.5532,PASS
VAL-ID,S1,L1_METADATA_FORM,0.5200,0.5200,0.4996,0.4707,0.5239,PASS
VAL-ID,S1,L2_LEXICAL_BAG_OF_WORDS,0.5907,0.5907,0.5922,0.5652,0.6208,CAUTION
VAL-ID,S2,L1_METADATA_FORM,0.5058,0.5058,0.4980,0.4695,0.5278,PASS
VAL-ID,S2,L2_LEXICAL_BAG_OF_WORDS,0.5109,0.5109,0.5025,0.4688,0.5341,PASS
VAL-ID,S3,L1_METADATA_FORM,0.5040,0.5040,0.5018,0.4768,0.5270,PASS
VAL-ID,S3,L2_LEXICAL_BAG_OF_WORDS,0.5173,0.5173,0.5242,0.4954,0.5537,PASS
VAL-ID,S4,L1_METADATA_FORM,0.5007,0.5007,0.5027,0.4724,0.5321,PASS
VAL-ID,S4,L2_LEXICAL_BAG_OF_WORDS,0.4960,0.4960,0.5027,0.4717,0.5345,PASS
VAL-OOD,OVERALL,L1_METADATA_FORM,0.5010,0.5010,0.5063,0.4888,0.5197,PASS
VAL-OOD,OVERALL,L2_LEXICAL_BAG_OF_WORDS,0.5272,0.5272,0.5428,0.5259,0.5586,PASS
VAL-OOD,S1,L1_METADATA_FORM,0.5000,0.5000,0.4795,0.4503,0.5070,PASS
VAL-OOD,S1,L2_LEXICAL_BAG_OF_WORDS,0.5787,0.5787,0.5551,0.5284,0.5859,CAUTION
VAL-OOD,S2,L1_METADATA_FORM,0.5000,0.5000,0.5008,0.4465,0.5557,PASS
VAL-OOD,S2,L2_LEXICAL_BAG_OF_WORDS,0.5285,0.5285,0.5263,0.4748,0.5754,PASS
VAL-OOD,S3,L1_METADATA_FORM,0.5000,0.5000,0.5091,0.4808,0.5375,PASS
VAL-OOD,S3,L2_LEXICAL_BAG_OF_WORDS,0.5000,0.5000,0.5000,0.4698,0.5280,PASS
VAL-OOD,S4,L1_METADATA_FORM,0.4993,0.4993,0.5043,0.4724,0.5311,PASS
VAL-OOD,S4,L2_LEXICAL_BAG_OF_WORDS,0.5053,0.5053,0.5071,0.4811,0.5345,PASS
