TargetWord,CountInSupported,CountInContradicted,SupportedFraction,BalanceAssessment
increased,3293,2639,0.56,IMBALANCED
decreased,2639,3293,0.44,IMBALANCED
increasing,3358,2733,0.55,IMBALANCED
decreasing,2733,3358,0.45,IMBALANCED
rising,3385,2682,0.56,IMBALANCED
downward,2682,3385,0.44,IMBALANCED
before,851,0,1.00,IMBALANCED
after,0,851,0.00,IMBALANCED
prior,13003,12139,0.52,BALANCED
following,0,864,0.00,IMBALANCED
preceded,795,0,1.00,IMBALANCED
succeeded,0,795,0.00,IMBALANCED
earlier,0,0,0.50,PERFECTLY_BALANCED
subsequent,0,0,0.50,PERFECTLY_BALANCED
higher,6388,5821,0.52,BALANCED
lower,5825,6392,0.48,BALANCED
exceeds,6403,5736,0.53,BALANCED
falls,5736,6403,0.47,BALANCED
elevated,6276,5657,0.53,BALANCED
reduced,5657,6276,0.47,BALANCED
greater,0,0,0.50,PERFECTLY_BALANCED
less,0,0,0.50,PERFECTLY_BALANCED
current,24436,24436,0.50,PERFECTLY_BALANCED
recent,18206,18206,0.50,PERFECTLY_BALANCED
latest,24465,24465,0.50,PERFECTLY_BALANCED
recorded,13107,13107,0.50,PERFECTLY_BALANCED
active,4,4,0.50,PERFECTLY_BALANCED
