TemplateFamily,TaskCode,IsHeldOutOOD,TrainCount,ValIDCount,ValOODCount,SupportedRatio
S1_TF1_ACTIVE,S1,NO,11864,3542,0,0.50
S1_TF2_TRAJECTORY,S1,NO,12182,3356,0,0.50
S1_TF3_COURSE,S1,NO,12134,3430,0,0.50
S1_TF4_PASSIVE_HELD_OUT,S1,YES,0,0,3450,0.50
S2_TF1_STANDARD,S2,NO,1702,640,0,0.50
S2_TF2_SEQUENCE,S2,NO,1728,510,0,0.50
S2_TF3_DOCUMENTATION,S2,NO,1590,552,0,0.50
S2_TF4_CLAUSAL_HELD_OUT,S2,YES,0,0,582,0.50
S3_TF1_COMPARATIVE_ADJ,S3,NO,24418,7038,0,0.50
S3_TF2_EXCEEDS_FALLS,S3,NO,24278,7204,0,0.50
S3_TF3_ENCOUNTER_SHIFT,S3,NO,23866,7034,0,0.50
S3_TF4_MAGNITUDE_HELD_OUT,S3,YES,0,0,7252,0.50
S4_TF1_DIRECT_CURRENT,S4,NO,25006,7276,0,0.50
S4_TF2_MOST_RECENT,S4,NO,24232,7332,0,0.50
S4_TF3_RECORDED_FINDING,S4,NO,24512,7094,0,0.50
S4_TF4_ACTIVE_STATE_HELD_OUT,S4,YES,0,0,7290,0.50
