model,lane,task_code,total_claims,exact_predicate_match,task_type_acc,claim_type_acc,comparator_acc,concept_acc,verdict_accuracy,uar,babr,pair_consistency_rate
B_RULE_FROZEN,LANE_B_NATURAL,OVERALL,1000,0.3010,0.4710,0.4710,0.5220,0.6160,0.3370,0.0000,0.0400,0.2480
B_RULE_FROZEN,LANE_B_NATURAL,S1,250,0.3280,0.3920,0.3920,0.5440,0.7840,0.3920,0.0000,0.0000,0.3920
B_RULE_FROZEN,LANE_B_NATURAL,S2,250,0.4920,0.4920,0.4920,0.5440,1.0000,0.4920,0.0000,0.0000,0.2160
B_RULE_FROZEN,LANE_B_NATURAL,S3,250,0.0000,0.0000,0.0000,0.0000,0.5200,0.0000,0.0000,0.0000,0.0000
B_RULE_FROZEN,LANE_B_NATURAL,S4,250,0.3840,1.0000,1.0000,1.0000,0.5440,0.4640,0.0000,0.1600,0.3840
B_ML_FROZEN,LANE_B_NATURAL,OVERALL,1000,0.4330,0.8200,0.6600,0.7470,0.6213,0.6060,0.1060,0.1440,0.4060
B_ML_FROZEN,LANE_B_NATURAL,S1,250,0.2960,0.7040,0.3560,0.5520,0.8000,0.3560,0.2640,0.2320,0.0000
B_ML_FROZEN,LANE_B_NATURAL,S2,250,0.7640,0.9480,0.7640,0.8440,1.0000,0.8360,0.1120,0.1040,0.7040
B_ML_FROZEN,LANE_B_NATURAL,S3,250,0.2880,0.6280,0.5200,0.7680,0.5200,0.7680,0.0480,0.0800,0.5360
B_ML_FROZEN,LANE_B_NATURAL,S4,250,0.3840,1.0000,1.0000,0.8240,0.5440,0.4640,0.0000,0.1600,0.3840
B_HYBRID_FROZEN,LANE_B_NATURAL,OVERALL,1000,0.4330,0.8200,0.6600,0.7470,0.6213,0.6070,0.1060,0.1440,0.4060
B_HYBRID_FROZEN,LANE_B_NATURAL,S1,250,0.2960,0.7040,0.3560,0.5520,0.8000,0.3560,0.2640,0.2320,0.0000
B_HYBRID_FROZEN,LANE_B_NATURAL,S2,250,0.7640,0.9480,0.7640,0.8440,1.0000,0.8400,0.1120,0.1040,0.7040
B_HYBRID_FROZEN,LANE_B_NATURAL,S3,250,0.2880,0.6280,0.5200,0.7680,0.5200,0.7680,0.0480,0.0800,0.5360
B_HYBRID_FROZEN,LANE_B_NATURAL,S4,250,0.3840,1.0000,1.0000,0.8240,0.5440,0.4640,0.0000,0.1600,0.3840
B3_DIRECT_TEXT_FROZEN,LANE_B_NATURAL,OVERALL,1000,0.0000,0.0000,0.0000,0.0000,0.0000,0.5120,0.3680,0.6080,0.1800
B3_DIRECT_TEXT_FROZEN,LANE_B_NATURAL,S1,250,0.0000,0.0000,0.0000,0.0000,0.0000,0.4520,0.2640,0.8320,0.1120
B3_DIRECT_TEXT_FROZEN,LANE_B_NATURAL,S2,250,0.0000,0.0000,0.0000,0.0000,0.0000,0.5640,0.5600,0.3120,0.3280
B3_DIRECT_TEXT_FROZEN,LANE_B_NATURAL,S3,250,0.0000,0.0000,0.0000,0.0000,0.0000,0.4920,0.1280,0.8880,0.0080
B3_DIRECT_TEXT_FROZEN,LANE_B_NATURAL,S4,250,0.0000,0.0000,0.0000,0.0000,0.0000,0.5400,0.5200,0.4000,0.2720
