set,tau,coverage,coverage_gain_pp,hold_rate,uar,babr,selective_acc,utility_acc,exact_pred_match,pair_cons_rate
TRAIN_CALIBRATION,0.00,0.7340,+25.00,0.2660,0.0500,0.0860,0.9074,0.6660,0.5960,0.5400
TRAIN_CALIBRATION,0.40,0.7340,+25.00,0.2660,0.0500,0.0860,0.9074,0.6660,0.5960,0.5400
TRAIN_CALIBRATION,0.50,0.7200,+23.60,0.2800,0.0500,0.0860,0.9056,0.6520,0.5840,0.5120
TRAIN_CALIBRATION,0.60,0.6890,+20.50,0.3110,0.0400,0.0740,0.9173,0.6320,0.5650,0.4720
TRAIN_CALIBRATION,0.70,0.6830,+19.90,0.3170,0.0400,0.0720,0.9180,0.6270,0.5630,0.4620
TRAIN_CALIBRATION,0.75,0.6790,+19.50,0.3210,0.0400,0.0720,0.9175,0.6230,0.5590,0.4600
TRAIN_CALIBRATION,0.80,0.6790,+19.50,0.3210,0.0400,0.0720,0.9175,0.6230,0.5590,0.4600
TRAIN_CALIBRATION,0.85,0.6560,+17.20,0.3440,0.0180,0.0700,0.9329,0.6120,0.5500,0.4560
TRAIN_CALIBRATION,0.90,0.6480,+16.40,0.3520,0.0180,0.0700,0.9321,0.6040,0.5430,0.4500
TRAIN_CALIBRATION,0.95,0.6140,+13.00,0.3860,0.0080,0.0420,0.9593,0.5890,0.5320,0.4420
TRAIN_CALIBRATION,0.98,0.5830,+9.90,0.4170,0.0000,0.0340,0.9708,0.5660,0.5260,0.4120
