set,tau,coverage,hold_rate,uar,babr,selective_acc,utility_acc,exact_pred_match,pair_cons_rate
TRAIN_CALIBRATION,0.00,0.3180,0.6820,0.0320,0.0760,0.8302,0.2640,0.2210,0.2200
TRAIN_CALIBRATION,0.40,0.3170,0.6830,0.0320,0.0760,0.8297,0.2630,0.2210,0.2200
TRAIN_CALIBRATION,0.50,0.3060,0.6940,0.0300,0.0760,0.8268,0.2530,0.2130,0.2160
TRAIN_CALIBRATION,0.60,0.2980,0.7020,0.0240,0.0740,0.8356,0.2490,0.2120,0.2080
TRAIN_CALIBRATION,0.70,0.2830,0.7170,0.0200,0.0700,0.8410,0.2380,0.2020,0.1960
TRAIN_CALIBRATION,0.75,0.2790,0.7210,0.0180,0.0680,0.8459,0.2360,0.2000,0.1940
TRAIN_CALIBRATION,0.80,0.2770,0.7230,0.0180,0.0640,0.8520,0.2360,0.2000,0.1940
TRAIN_CALIBRATION,0.85,0.2710,0.7290,0.0140,0.0560,0.8708,0.2360,0.2000,0.1940
TRAIN_CALIBRATION,0.90,0.2600,0.7400,0.0020,0.0500,0.9000,0.2340,0.1980,0.1940
TRAIN_CALIBRATION,0.95,0.2540,0.7460,0.0000,0.0440,0.9134,0.2320,0.1960,0.1940
TRAIN_CALIBRATION,0.98,0.2460,0.7540,0.0000,0.0440,0.9106,0.2240,0.1880,0.1940
