model,split,task_code,task_type_acc,claim_type_acc,comparator_acc,temporal_window_acc,concept_acc,numeric_val_acc,event_ref_acc,exact_predicate_match
B_RULE,VAL-ID,OVERALL,1.0000,1.0000,1.0000,1.0000,0.8578,0.9093,1.0000,0.8680
B_RULE,VAL-ID,S1,1.0000,1.0000,1.0000,1.0000,0.8480,1.0000,1.0000,0.8480
B_RULE,VAL-ID,S2,1.0000,1.0000,1.0000,1.0000,1.0000,1.0000,1.0000,1.0000
B_RULE,VAL-ID,S3,1.0000,1.0000,1.0000,1.0000,0.8627,1.0000,1.0000,0.8627
B_RULE,VAL-ID,S4,1.0000,1.0000,1.0000,1.0000,0.8627,0.9093,1.0000,0.7720
B_RULE,VAL-OOD,OVERALL,1.0000,1.0000,1.0000,1.0000,0.8560,0.9147,1.0000,0.8434
B_RULE,VAL-OOD,S1,1.0000,1.0000,1.0000,1.0000,0.8387,1.0000,1.0000,0.8387
B_RULE,VAL-OOD,S2,1.0000,1.0000,1.0000,1.0000,1.0000,1.0000,1.0000,1.0000
B_RULE,VAL-OOD,S3,1.0000,1.0000,1.0000,1.0000,0.8787,1.0000,1.0000,0.8787
B_RULE,VAL-OOD,S4,1.0000,1.0000,1.0000,1.0000,0.8507,0.9147,1.0000,0.7653
B_ML,VAL-ID,OVERALL,1.0000,1.0000,1.0000,1.0000,0.8622,0.9093,1.0000,0.8714
B_ML,VAL-ID,S1,1.0000,1.0000,1.0000,1.0000,0.8493,1.0000,1.0000,0.8493
B_ML,VAL-ID,S2,1.0000,1.0000,1.0000,1.0000,1.0000,1.0000,1.0000,1.0000
B_ML,VAL-ID,S3,1.0000,1.0000,1.0000,1.0000,0.8693,1.0000,1.0000,0.8693
B_ML,VAL-ID,S4,1.0000,1.0000,1.0000,1.0000,0.8680,0.9093,1.0000,0.7773
B_ML,VAL-OOD,OVERALL,0.8267,0.7401,0.5797,0.8985,0.8613,0.6960,1.0000,0.3801
B_ML,VAL-OOD,S1,0.6647,0.8073,1.0000,0.6647,0.8387,1.0000,1.0000,0.5580
B_ML,VAL-OOD,S2,1.0000,0.4430,0.3509,1.0000,1.0000,1.0000,1.0000,0.3443
B_ML,VAL-OOD,S3,1.0000,0.5033,0.5093,1.0000,0.8853,1.0000,1.0000,0.0127
B_ML,VAL-OOD,S4,0.7627,1.0000,0.2993,1.0000,0.8600,0.6960,1.0000,0.5807
B_HYBRID,VAL-ID,OVERALL,1.0000,1.0000,1.0000,1.0000,0.8622,0.9093,1.0000,0.8714
B_HYBRID,VAL-ID,S1,1.0000,1.0000,1.0000,1.0000,0.8493,1.0000,1.0000,0.8493
B_HYBRID,VAL-ID,S2,1.0000,1.0000,1.0000,1.0000,1.0000,1.0000,1.0000,1.0000
B_HYBRID,VAL-ID,S3,1.0000,1.0000,1.0000,1.0000,0.8693,1.0000,1.0000,0.8693
B_HYBRID,VAL-ID,S4,1.0000,1.0000,1.0000,1.0000,0.8680,0.9093,1.0000,0.7773
B_HYBRID,VAL-OOD,OVERALL,0.8267,0.7401,0.5797,0.8985,0.8613,0.9147,1.0000,0.3801
B_HYBRID,VAL-OOD,S1,0.6647,0.8073,1.0000,0.6647,0.8387,1.0000,1.0000,0.5580
B_HYBRID,VAL-OOD,S2,1.0000,0.4430,0.3509,1.0000,1.0000,1.0000,1.0000,0.3443
B_HYBRID,VAL-OOD,S3,1.0000,0.5033,0.5093,1.0000,0.8853,1.0000,1.0000,0.0127
B_HYBRID,VAL-OOD,S4,0.7627,1.0000,0.2993,1.0000,0.8600,0.9147,1.0000,0.5807
