model,split,task_code,total_claims,verdict_accuracy,uar,babr
B_RULE,VAL-ID,OVERALL,5878,0.9680,0.0010,0.0398
B_RULE,VAL-ID,S1,1500,1.0000,0.0000,0.0000
B_RULE,VAL-ID,S2,1378,1.0000,0.0000,0.0000
B_RULE,VAL-ID,S3,1500,1.0000,0.0000,0.0000
B_RULE,VAL-ID,S4,1500,0.8747,0.0040,0.1560
B_RULE,VAL-OOD,OVERALL,4956,0.9596,0.0016,0.0468
B_RULE,VAL-OOD,S1,1500,1.0000,0.0000,0.0000
B_RULE,VAL-OOD,S2,456,1.0000,0.0000,0.0000
B_RULE,VAL-OOD,S3,1500,1.0000,0.0000,0.0000
B_RULE,VAL-OOD,S4,1500,0.8667,0.0053,0.1547
B_ML,VAL-ID,OVERALL,5878,0.9694,0.0010,0.0398
B_ML,VAL-ID,S1,1500,1.0000,0.0000,0.0000
B_ML,VAL-ID,S2,1378,1.0000,0.0000,0.0000
B_ML,VAL-ID,S3,1500,1.0000,0.0000,0.0000
B_ML,VAL-ID,S4,1500,0.8800,0.0040,0.1560
B_ML,VAL-OOD,OVERALL,4956,0.6316,0.1848,0.2676
B_ML,VAL-OOD,S1,1500,0.8073,0.0000,0.0000
B_ML,VAL-OOD,S2,456,0.3509,0.5833,0.7149
B_ML,VAL-OOD,S3,1500,0.5093,0.4280,0.5533
B_ML,VAL-OOD,S4,1500,0.6633,0.0053,0.1133
B_HYBRID,VAL-ID,OVERALL,5878,0.9694,0.0010,0.0398
B_HYBRID,VAL-ID,S1,1500,1.0000,0.0000,0.0000
B_HYBRID,VAL-ID,S2,1378,1.0000,0.0000,0.0000
B_HYBRID,VAL-ID,S3,1500,1.0000,0.0000,0.0000
B_HYBRID,VAL-ID,S4,1500,0.8800,0.0040,0.1560
B_HYBRID,VAL-OOD,OVERALL,4956,0.6959,0.1848,0.2801
B_HYBRID,VAL-OOD,S1,1500,0.8073,0.0000,0.0000
B_HYBRID,VAL-OOD,S2,456,0.3509,0.5833,0.7149
B_HYBRID,VAL-OOD,S3,1500,0.5093,0.4280,0.5533
B_HYBRID,VAL-OOD,S4,1500,0.8760,0.0053,0.1547
B3_DIRECT_TEXT,VAL-ID,OVERALL,5878,0.5759,0.4049,0.4433
B3_DIRECT_TEXT,VAL-ID,S1,1500,0.5907,0.4093,0.4093
B3_DIRECT_TEXT,VAL-ID,S2,1378,0.6865,0.3266,0.3004
B3_DIRECT_TEXT,VAL-ID,S3,1500,0.5220,0.4813,0.4747
B3_DIRECT_TEXT,VAL-ID,S4,1500,0.5133,0.3960,0.5773
B3_DIRECT_TEXT,VAL-OOD,OVERALL,4956,0.5123,0.4031,0.5722
B3_DIRECT_TEXT,VAL-OOD,S1,1500,0.5007,0.0107,0.9880
B3_DIRECT_TEXT,VAL-OOD,S2,456,0.4276,0.9035,0.2412
B3_DIRECT_TEXT,VAL-OOD,S3,1500,0.5580,0.4467,0.4373
B3_DIRECT_TEXT,VAL-OOD,S4,1500,0.5040,0.6000,0.3920
